Date,return,log_return,forecast,signal,signal_ticker,strat_return,cum_return
2019-01-02,0.0016484641248197818,0.0016471068991881631,,,,0.0,1.0
2019-01-03,0.006633849198795172,0.006611942053625493,,,,0.0,1.0
2019-01-04,0.010859044195667078,0.010800508157594764,,,,0.0,1.0
2019-01-07,0.0011381480689323098,0.0011375008694449193,,,,0.0,1.0
2019-01-08,-0.005345186611341979,-0.005359523232060404,,,,0.0,1.0
2019-01-09,-0.0006516446331964465,-0.0006518570458438206,,,,0.0,1.0
2019-01-10,0.012901657453150639,0.012819140053584673,,,,0.0,1.0
2019-01-11,0.0036548066356592024,0.0036481440585731887,,,,0.0,1.0
2019-01-14,-0.005654660351452678,-0.005670708469663819,,,,0.0,1.0
2019-01-15,0.011621751531269986,0.011554737689336795,,,,0.0,1.0
2019-01-16,0.002256438556375251,0.0022538966219902527,,,,0.0,1.0
2019-01-17,0.0032400730940223,0.003234835367889163,,,,0.0,1.0
2019-01-18,0.005639428860883866,0.0056235868141027556,,,,0.0,1.0
2019-01-21,-0.0015813512357326642,-0.0015826028913101381,,,,0.0,1.0
2019-01-22,0.001943521161178019,0.0019416349674356086,,,,0.0,1.0
2019-01-23,-0.008340965736586936,-0.008375946241231204,,,,0.0,1.0
2019-01-24,0.0006552656297147408,0.0006550510369303982,,,,0.0,1.0
2019-01-25,0.002599898514355825,0.0025965246247950913,,,,0.0,1.0
2019-01-28,-0.006482831925468946,-0.006503936742457571,,,,0.0,1.0
2019-01-29,-0.003552009601385686,-0.0035583329656976833,,,,0.0,1.0
2019-01-30,0.007897390836071994,0.007866369662249895,,,,0.0,1.0
2019-01-31,0.01507512457453708,0.014962624113972953,,,,0.0,1.0
2019-02-01,0.0026084324708426365,0.0026050364151711763,,,,0.0,1.0
2019-02-04,-0.01692458718011003,-0.017069444768526027,,,,0.0,1.0
2019-02-06,0.011317772831098916,0.011254206013724977,,,,0.0,1.0
2019-02-07,-0.0025105012834214513,-0.002513657875961646,,,,0.0,1.0
2019-02-08,-0.004985309590455178,-0.00499777770183615,,,,0.0,1.0
2019-02-11,-0.00693654455360293,-0.006960714212901844,,,,0.0,1.0
2019-02-12,-0.011697169096728022,-0.011766119187150982,,,,0.0,1.0
2019-02-13,-0.004599447487906749,-0.00461005749244323,,,,0.0,1.0
2019-02-14,-0.0033957788139603595,-0.0034015575567673743,,,,0.0,1.0
2019-02-15,-0.0057955861136225195,-0.005812445695152145,,,,0.0,1.0
2019-02-18,0.022955493661108273,0.022695980315472136,,,,0.0,1.0
2019-02-19,-0.00379244196934736,-0.0037996515110107335,,,,0.0,1.0
2019-02-20,0.00530598630903123,0.005291959160370168,,,,0.0,1.0
2019-02-21,0.005013022505699238,0.005000499144202253,,,,0.0,1.0
2019-02-22,-0.0087559751827051,-0.008794533978314274,,,,0.0,1.0
2019-02-25,0.004500386477262808,0.004490290018684268,,,,0.0,1.0
2019-02-26,0.004784190838682978,0.004772782968176406,,,,0.0,1.0
2019-02-27,-0.0030636679094989683,-0.0030683705473654914,,,,0.0,1.0
2019-02-28,-0.015345821274004967,-0.015464787043546743,,,,0.0,1.0
2019-03-01,0.011996826972577201,0.011925435457766718,,,,0.0,1.0
2019-03-04,-0.0003240677492224453,-0.0003241202705227679,,,,0.0,1.0
2019-03-05,-0.009873898218734634,-0.00992296842844462,,,,0.0,1.0
2019-03-06,0.0015082701399999898,0.0015071338430107692,,,,0.0,1.0
2019-03-08,-0.014197835278067616,-0.01429958880950479,,,,0.0,1.0
2019-03-11,0.0004422224065241398,0.0004421246550132676,,,,0.0,1.0
2019-03-12,-0.001406404736635225,-0.0014073946520335044,,,,0.0,1.0
2019-03-13,0.002062320428853681,0.0020601967653598764,,,,0.0,1.0
2019-03-14,0.008141983286243715,0.008109016164606313,,,,0.0,1.0
2019-03-15,0.010585756498182386,0.010530119672036424,,,,0.0,1.0
2019-03-18,0.010011699893550441,0.009961914839093698,,,,0.0,1.0
2019-03-19,-0.005492789065609571,-0.00550792990053049,,,,0.0,1.0
2019-03-20,0.0010300662833853114,0.0010295361291426676,,,,0.0,1.0
2019-03-21,0.004145454588956543,0.004136885864757413,,,,0.0,1.0
2019-03-22,0.001278579961344839,0.0012777632740452853,,,,0.0,1.0
2019-03-25,-0.02134650830711793,-0.021577640173129957,,,,0.0,1.0
2019-03-26,0.013495600129069585,0.013405345636626168,,,,0.0,1.0
2019-03-27,-0.00703633528512515,-0.007061207031547843,,,,0.0,1.0
2019-03-28,0.008501441975373725,0.008465508232994896,,,,0.0,1.0
2019-03-29,2.940919267868658e-05,2.9408760236858062e-05,,,,0.0,1.0
2019-04-01,-0.0028065487254963495,-0.0028104944677117267,,,,0.0,1.0
2019-04-02,0.0034738228683088845,0.003467803082732936,,,,0.0,1.0
2019-04-04,0.006129133606780801,0.006110426865891283,,,,0.0,1.0
2019-04-05,-0.004571271379795738,-0.004581751591600876,,,,0.0,1.0
2019-04-08,-0.005855495010664291,-0.0058727056389589645,,,,0.0,1.0
2019-04-09,0.008933415596046101,0.008893748704455787,,,,0.0,1.0
2019-04-10,-0.0002245113749450578,-0.00022453658139662497,,,,0.0,1.0
2019-04-11,-0.015779280074443958,-0.01590509821592127,,,,0.0,1.0
2019-04-12,0.0004960465237384692,0.0004959235333325741,,,,0.0,1.0
2019-04-15,0.004759734020417294,0.004748442302650912,,,,0.0,1.0
2019-04-16,0.010530246335613835,0.010475189462682109,,,,0.0,1.0
2019-04-18,0.006035502725790787,0.006017362034746802,,,,0.0,1.0
2019-04-22,-0.017056272480391876,-0.017203406130118913,,,,0.0,1.0
2019-04-23,0.009826687400114498,0.009778719495231297,,,,0.0,1.0
2019-04-24,-0.0023276331372248382,-0.002330346286196882,,,,0.0,1.0
2019-04-25,-0.014831593298075263,-0.014942681152980659,,,,0.0,1.0
2019-04-26,0.005651790297390491,0.00563587885454825,,,,0.0,1.0
2019-04-29,0.0027704273801685275,0.00276659681946335,,,,0.0,1.0
2019-04-30,0.005782160849475471,0.005765508318337708,,,,0.0,1.0
2019-05-02,-0.012145237239414408,-0.012219593294480654,,,,0.0,1.0
2019-05-03,-0.009543656820162671,-0.00958948935265799,,,,0.0,1.0
2019-05-06,-0.011661022890539052,-0.011729545837294198,,,,0.0,1.0
2019-05-07,0.008582606191392284,0.0085459850144519,,,,0.0,1.0
2019-05-08,-0.005290855543865658,-0.005304901686037534,,,,0.0,1.0
2019-05-09,-0.017352411858044148,-0.01750472958177782,,,,0.0,1.0
2019-05-10,0.001276038316825323,0.0012752248718500908,,,,0.0,1.0
2019-05-13,-0.012456443785478055,-0.012534675620560333,,,,0.0,1.0
2019-05-14,-0.010532116903029465,-0.010587972175253157,,,,0.0,1.0
2019-05-15,-0.01941627343955432,-0.019607245292831886,,,,0.0,1.0
2019-05-16,-0.018073749566192676,-0.018239074839156755,,,,0.0,1.0
2019-05-17,-0.016680524655385498,-0.016821211285570216,,,,0.0,1.0
2019-05-20,0.01891868160479948,0.018741948901957035,,,,0.0,1.0
2019-05-21,0.00865678405553072,0.00861952895230133,,,,0.0,1.0
2019-05-22,-0.0036751457727776105,-0.0036819157131048647,,,,0.0,1.0
2019-05-23,0.024106615719939883,0.023820638111530134,,,,0.0,1.0
2019-05-24,0.005709938437877593,0.005693698529321385,,,,0.0,1.0
2019-05-27,0.010333383695026566,0.010280359254166746,,,,0.0,1.0
2019-05-28,-0.014908866292749345,-0.015021120559697253,,,,0.0,1.0
2019-05-29,0.015325065859910003,0.015208823151791145,,,,0.0,1.0
2019-05-31,0.024537679413318303,0.02424146636440361,,,,0.0,1.0
2019-06-10,0.019453030911405378,0.01926623926133066,,,,0.0,1.0
2019-06-11,0.0003193685870446217,0.00031931759975296355,,,,0.0,1.0
2019-06-12,-0.0061158161445635795,-0.006134594349969888,,,,0.0,1.0
2019-06-13,-0.0018068719707658998,-0.0018085063329441311,,,,0.0,1.0
2019-06-14,-0.0033890073990526792,-0.003394763092365469,,,,0.0,1.0
2019-06-17,-0.01082727017864027,-0.010886311626968636,,,,0.0,1.0
2019-06-18,0.014699766908445877,0.014592772588126428,,,,0.0,1.0
2019-06-19,0.016869375747254223,0.016728668057373452,,,,0.0,1.0
2019-06-20,-0.002402413021219796,-0.0024053034456388857,,,,0.0,1.0
2019-06-21,-0.0039442847400009695,-0.003952083946003948,,,,0.0,1.0
2019-06-24,-0.0069945667920098265,-0.007019143443383085,,,,0.0,1.0
2019-06-25,0.005901581878593021,0.005884235757170498,,,,0.0,1.0
2019-06-26,-0.002789026937531802,-0.0027929235199629287,,,,0.0,1.0
2019-06-27,0.01023843052351614,0.01018637281833492,,,,0.0,1.0
2019-06-28,0.0025509868470683372,0.002547738603100397,,,,0.0,1.0
2019-07-01,0.006804965905344407,0.0067819166321203125,,,,0.0,1.0
2019-07-02,0.0022922113600749583,0.0022895882513303497,,,,0.0,1.0
2019-07-03,-0.002912472115279119,-0.002916721615229356,,,,0.0,1.0
2019-07-04,0.00019604811979268,0.000196028904871368,,,,0.0,1.0
2019-07-05,-0.0016561832085907335,-0.001657556196156319,,,,0.0,1.0
2019-07-08,-0.0059485807571947324,-0.005966344042965257,,,,0.0,1.0
2019-07-09,0.007919677354514265,0.007888481309973154,,,,0.0,1.0
2019-07-10,0.0044087224858480045,0.004399032538622634,,,,0.0,1.0
2019-07-11,0.0010144842633486029,0.0010139700219521282,,,,0.0,1.0
2019-07-12,-0.008653035919644725,-0.00869069081174151,,,,0.0,1.0
2019-07-15,0.0106060247913069,0.010550175456265135,,,,0.0,1.0
2019-07-16,-0.0025385505032161637,-0.002541778085956464,,,,0.0,1.0
2019-07-17,-0.001521221757708635,-0.0015223799902947975,,,,0.0,1.0
2019-07-18,0.0012891670626518081,0.0012883368002820892,,,,0.0,1.0
2019-07-19,0.007948874984879506,0.007917449101879425,,,,0.0,1.0
2019-07-22,-0.0030093527712220514,-0.0030138899782637136,,,,0.0,1.0
2019-07-23,-0.003125184009455384,-0.0031300775952322283,,,,0.0,1.0
2019-07-24,-0.004887459539569705,-0.004899442229162327,,,,0.0,1.0
2019-07-25,0.002220898782348435,0.0022184362320237343,,,,0.0,1.0
2019-07-26,-0.014692088726800057,-0.014801086381974589,,,,0.0,1.0
2019-07-29,-0.0019419424927893392,-0.0019438305077856526,,,,0.0,1.0
2019-07-30,0.012835711544457507,0.012754031999869832,,,,0.0,1.0
2019-07-31,0.0021072287187546834,0.0021050116263855996,,,,0.0,1.0
2019-08-01,-0.005555385421466608,-0.005570873964911296,,,,0.0,1.0
2019-08-02,-0.00818294302849154,-0.008216607079919362,,,,0.0,1.0
2019-08-05,-0.03240680355913228,-0.03294353164669023,,,,0.0,1.0
2019-08-06,-0.015372790161414351,-0.015492176615771085,,,,0.0,1.0
2019-08-07,0.01621651531599655,0.01608643207849257,,,,0.0,1.0
2019-08-08,0.014370108483950927,0.014267837078124115,,,,0.0,1.0
2019-08-09,0.0006765660519640893,0.0006763372843312148,,,,0.0,1.0
2019-08-12,-0.005620422348019627,-0.005636276353750163,,,,0.0,1.0
2019-08-13,-0.009254556160412708,-0.009297645620539361,,,,0.0,1.0
2019-08-14,0.010846595990148922,0.010788193599757186,,,,0.0,1.0
2019-08-15,-0.003667935055224003,-0.003674678423550138,,,,0.0,1.0
2019-08-16,-0.0030712791884026647,-0.0030760052455038184,,,,0.0,1.0
2019-08-19,0.003917235656326845,0.003909583266366497,,,,0.0,1.0
2019-08-20,-0.001453052613665018,-0.0014541093183697913,,,,0.0,1.0
2019-08-21,-0.011346315534301099,-0.011411176057767125,,,,0.0,1.0
2019-08-22,0.0008543225776052044,0.0008539578517861204,,,,0.0,1.0
2019-08-23,0.0029618100622705867,0.002957432544302589,,,,0.0,1.0
2019-08-26,-0.007556954087514112,-0.007585652538390288,,,,0.0,1.0
2019-08-27,0.012160429716147947,0.012087085688633302,,,,0.0,1.0
2019-08-28,0.0004797906938796004,0.0004796756311271877,,,,0.0,1.0
2019-08-29,0.0018569039975839807,0.001855182082646821,,,,0.0,1.0
2019-08-30,0.014063849877199441,0.013965871507279442,,,,0.0,1.0
2019-09-02,-0.009349639940636978,-0.009393622184242742,,,,0.0,1.0
2019-09-03,-0.00936691177457838,-0.009411057179681472,,,,0.0,1.0
2019-09-04,-0.0004400207387489363,-0.0004401175762822581,,,,0.0,1.0
2019-09-05,0.009643914318085756,0.009597708608148037,,,,0.0,1.0
2019-09-06,0.002616119507106829,0.0026127034230947004,,,,0.0,1.0
2019-09-09,0.001203444012816579,0.00120272045452034,,,,0.0,1.0
2019-09-10,0.002919295265476407,0.0029150423979597932,,,,0.0,1.0
2019-09-11,0.009759686747749408,0.009712368629284361,,,,0.0,1.0
2019-09-12,-0.009904735720601021,-0.009954113938130971,,,,0.0,1.0
2019-09-13,-0.00037274598437231354,-0.00037281547142462934,,,,0.0,1.0
2019-09-16,-0.009070294784580546,-0.00911168035125589,,,,0.0,1.0
2019-09-17,0.0027154669821065625,0.0027117867624789293,,,,0.0,1.0
2019-09-18,0.006004588656209453,0.0059866329556234,,,,0.0,1.0
2019-09-19,-0.009114412423100737,-0.009156202803663973,,,,0.0,1.0
2019-09-20,-0.0020654947974484417,-0.0020676308737040206,,,,0.0,1.0
2019-09-23,-0.004068222065231941,-0.004076519792929998,,,,0.0,1.0
2019-09-24,-0.015612522310655352,-0.01573568130057011,,,,0.0,1.0
2019-09-25,-0.0004160290390047283,-0.00041611560309499197,,,,0.0,1.0
2019-09-26,0.018717540960100143,0.018544523431085234,,,,0.0,1.0
2019-09-27,-0.006812222141738711,-0.006835531245166461,,,,0.0,1.0
2019-09-30,-0.00442180856495622,-0.004431613675338758,,,,0.0,1.0
2019-10-01,-0.008263182149731096,-0.008297511483174385,,,,0.0,1.0
2019-10-02,-0.019174122492911727,-0.0193603300667917,,,,0.0,1.0
2019-10-03,-0.006700360634598668,-0.006722908828041244,,,,0.0,1.0
2019-10-04,0.007707708785381406,0.00767815615625494,,,,0.0,1.0
2019-10-07,-0.012305903039157684,-0.012382247636646762,,,,0.0,1.0
2019-10-08,0.007464783866485192,0.0074370602491216995,,,,0.0,1.0
2019-10-09,-0.0034541842323556615,-0.00346016370013758,,,,0.0,1.0
2019-10-10,-0.0014228586144356958,-0.0014238718389849327,,,,0.0,1.0
2019-10-11,0.015694997624100093,0.015573104898615816,,,,0.0,1.0
2019-10-14,0.006761075759186275,0.006738322187978017,,,,0.0,1.0
2019-10-15,0.005510864421736539,0.00549573516646422,,,,0.0,1.0
2019-10-16,0.0029903881742872063,0.0029859258573971645,,,,0.0,1.0
2019-10-17,0.0053604619297638045,0.0053461457916670905,,,,0.0,1.0
2019-10-18,0.00705741644899871,0.0070326294387039745,,,,0.0,1.0
2019-10-21,0.0011184351352084843,0.001117810152590922,,,,0.0,1.0
2019-10-22,0.007399861313592382,0.0073726166617367256,,,,0.0,1.0
2019-10-23,0.009370158228420022,0.009326530615814317,,,,0.0,1.0
2019-10-24,0.019493636808705084,0.01930606953050634,,,,0.0,1.0
2019-10-25,-0.019921721053061336,-0.020122834031007304,,,,0.0,1.0
2019-10-28,0.0022899189323628555,0.0022873010637140764,,,,0.0,1.0
2019-10-29,0.004297548685208374,0.004288340594908701,,,,0.0,1.0
2019-10-30,0.0011625336554286214,0.0011618584364378214,,,,0.0,1.0
2019-10-31,-0.014184024956347185,-0.014285579685281274,,,,0.0,1.0
2019-11-01,-0.004823118344576716,-0.004834787114885527,,,,0.0,1.0
2019-11-04,-0.003999677415236658,-0.004007697517306787,,,,0.0,1.0
2019-11-05,0.02416590068170521,0.023878525879204752,,,,0.0,1.0
2019-11-06,-0.011752820562161315,-0.011822430907225694,,,,0.0,1.0
2019-11-07,-0.009767132234168141,-0.009815143547893444,,,,0.0,1.0
2019-11-08,0.003403672615093001,0.0033978932318303955,,,,0.0,1.0
2019-11-11,-0.0032800901814964423,-0.0032854814697985068,,,,0.0,1.0
2019-11-12,0.005876521684020641,0.005859322279357714,,,,0.0,1.0
2019-11-13,-0.009489713781808518,-0.009535028022954643,,,,0.0,1.0
2019-11-14,-0.010565390346893744,-0.010621600354498285,,,,0.0,1.0
2019-11-15,0.011186192784604199,0.011124090029858117,,,,0.0,1.0
2019-11-18,-0.001179064785486239,-0.0011797604292302143,,,,0.0,1.0
2019-11-19,0.01198913393502643,0.01191783358927613,,,,0.0,1.0
2019-11-20,0.0024647455275452756,0.0024617130241648064,,,,0.0,1.0
2019-11-21,-0.008104590194690897,-0.00813761091978664,,,,0.0,1.0
2019-11-22,-0.002917399757420891,-0.0029216636631241456,,,,0.0,1.0
2019-11-25,-0.009923692006814977,-0.009973260042923072,,,,0.0,1.0
2019-11-26,-0.009237829990073054,-0.009280763353498705,,,,0.0,1.0
2019-11-27,0.0024717831283074254,0.00246873329703788,,,,0.0,1.0
2019-11-28,-0.015792915695361343,-0.01591895254259589,,,,0.0,1.0
2019-11-29,0.011426937819899008,0.011362143499193367,,,,0.0,1.0
2019-12-02,0.02240756075049477,0.022160199714038875,,,,0.0,1.0
2019-12-03,-0.0005008793464760242,-0.000501004828438519,,,,0.0,1.0
2019-12-04,-0.0037227717926784365,-0.003729718553752011,,,,0.0,1.0
2019-12-05,0.012554772368623679,0.012476614701954209,,,,0.0,1.0
2019-12-06,0.006245219059136886,0.006225798493770621,,,,0.0,1.0
2019-12-09,0.000725396655943511,0.0007251336829547505,,,,0.0,1.0
2019-12-10,-0.0011376957169696444,-0.0011383433840204708,,,,0.0,1.0
2019-12-11,-0.0020058161532056085,-0.002007830496478076,,,,0.0,1.0
2019-12-12,-0.00796874589680796,-0.008000666041161324,,,,0.0,1.0
2019-12-13,0.015699015762024926,0.015577060938555248,,,,0.0,1.0
2019-12-16,0.003357866490210526,0.003352241445110532,,,,0.0,1.0
2019-12-17,0.00712288200081157,0.007097634097806536,,,,0.0,1.0
2019-12-18,0.010871635522772038,0.010812964146150943,,,,0.0,1.0
2019-12-19,-0.009410382402681328,-0.009454939806285907,,,,0.0,1.0
2019-12-20,0.00873700576940939,0.008699059001739933,,,,0.0,1.0
2019-12-23,0.003240619617835172,0.0032353801264954703,,,,0.0,1.0
2019-12-26,-5.8727862493501704e-05,-5.872958704193792e-05,,,,0.0,1.0
2019-12-27,0.001135491941054223,0.0011348477576773638,,,,0.0,1.0
2019-12-30,-0.008066724261117209,-0.008099436319475423,,,,0.0,1.0
2020-01-02,-0.0028093247392646514,-0.0028132782983001964,,,,0.0,1.0
2020-01-03,0.009756623203205805,0.009709334690386706,,,,0.0,1.0
2020-01-06,-0.011023122960844178,-0.011084327775155424,,,,0.0,1.0
2020-01-07,0.004365376463725035,0.004355875847034104,,,,0.0,1.0
2020-01-08,-0.00905740194426552,-0.009098669583312942,,,,0.0,1.0
2020-01-09,0.011328275409172806,0.011264591002322582,,,,0.0,1.0
2020-01-10,0.0011506066630504463,0.0011499452225272148,-0.0019246756810381,long_close,LQ45,0.0,1.0
2020-01-13,0.007151235476113849,0.007125786646715486,-0.000692098700127644,,,0.0,1.0
2020-01-14,0.006856505923914513,0.006833106982933889,-0.00179231101781652,,,0.0,1.0
2020-01-15,-0.007023016484435818,-0.007047793941180415,,,,0.0,1.0
2020-01-16,0.0007220115147916761,0.0007217509898717161,0.00116010959875201,long_entry,LQ45,0.0,1.0
2020-01-17,0.0037335918307701554,0.0037266392767497957,8.17921128105775e-05,,,0.0037335918307701554,1.0037335918307702
2020-01-20,-0.007410361654813569,-0.007437954785975847,0.00192912533741218,,,-0.007410361654813569,0.9962955629102191
2020-01-21,0.0006555541567638823,0.0006553393749999164,-0.00107361154580362,long_close,LQ45,0.0006555541567638823,0.9969486886078504
2020-01-22,-0.0017991608650701485,-0.0018007812988851042,0.00023864484979429,long_entry,LQ45,0.0,0.9969486886078504
2020-01-23,0.003673385512120708,0.0036666551087688798,1.18057622049833e-07,,,0.003673385512120708,1.0006108654769101
2020-01-24,0.0008881935311155775,0.0008877993206474093,-0.00492300352588966,long_close,LQ45,0.0008881935311155775,1.0014996015747908
2020-01-27,-0.02117018232340928,-0.02139748437477237,0.00212703742022068,long_entry,LQ45,0.0,1.0014996015747908
2020-01-28,-0.00310821505044212,-0.0031130555837232863,0.000522171150779869,,,-0.00310821505044212,0.9983867254401643
2020-01-29,-0.0003497412652667675,-0.0003498024390068193,-0.00211071837348024,long_close,LQ45,-0.0003497412652667675,0.9980375484035833
2020-01-30,-0.013115797965775444,-0.013202569598502313,0.000446969915407297,long_entry,LQ45,0.0,0.9980375484035833
2020-01-31,-0.02554703345464726,-0.02587902539080643,0.00275606828302947,,,-0.02554703345464726,0.9725406497655228
2020-02-03,-0.00906460724772673,-0.009105940771039593,0.00156692254707707,,,-0.00906460724772673,0.9637249507429494
2020-02-04,0.012147805395393618,0.01207461296285417,0.00156829928281425,,,0.012147805395393618,0.97543209389926
2020-02-05,0.012147061043188412,0.012073877544099177,-0.000216566690553794,long_close,LQ45,0.012147061043188412,0.9872807270873394
2020-02-06,-0.0008703772303416679,-0.0008707562285334389,0.00142263247429976,long_entry,LQ45,0.0,0.9872807270873394
2020-02-07,0.0013220916033389596,0.0013212184097783329,-0.000526822788023212,long_close,LQ45,0.0013220916033389596,0.9885860026467599
2020-02-10,-0.008863841499008429,-0.008903359033485301,0.0031290931544926,long_entry,LQ45,0.0,0.9885860026467599
2020-02-11,-0.0009914099861945136,-0.0009919017581334851,-0.0002815205633437,long_close,LQ45,-0.0009914099861945136,0.9876059086115238
2020-02-12,-0.006615832849302783,-0.006637814476268054,-0.00300458411654962,,,0.0,0.9876059086115238
2020-02-13,-0.007044848627118627,-0.00706978073750658,0.00018371847173294,long_entry,LQ45,0.0,0.9876059086115238
2020-02-14,-0.000272486936458205,-0.0002725240677688264,-0.000167699975861697,long_close,LQ45,-0.000272486936458205,0.9873367989030581
2020-02-17,0.00023058933938902015,0.00023056275775351623,0.0020439735068983,long_entry,LQ45,0.0,0.9873367989030581
2020-02-18,0.0022113946409036966,0.002208953106576201,-0.000156708084619737,long_close,LQ45,0.0022113946409036966,0.9895201902089193
2020-02-19,0.008480764109991545,0.00844500446720012,-0.000204490804790688,,,0.0,0.9895201902089193
2020-02-20,0.004303200277762098,0.004293967987566656,,,,0.0,0.9895201902089193
2020-02-21,-0.011532805215646702,-0.011599823786751106,-0.00490858116204659,,,0.0,0.9895201902089193
2020-02-24,-0.016555747168572443,-0.016694325188177945,0.000531491699171516,long_entry,LQ45,0.0,0.9895201902089193
2020-02-25,0.00016990944559092114,0.00016989501261591334,0.00184717670659128,,,0.00016990944559092114,0.9896883190358388
2020-02-26,-0.02019796499785953,-0.02040473282315439,-0.00273608388322532,long_close,LQ45,-0.02019796499785953,0.9696986290091625
2020-02-27,-0.032406264766210446,-0.03294297480857499,0.00178091866112398,long_entry,LQ45,0.0,0.9696986290091625
2020-02-28,-0.014819190290818796,-0.014930091499173783,-0.00262800052042477,long_close,LQ45,-0.014819190290818796,0.9553284805011296
2020-03-02,-0.02296682493397051,-0.023234671460546683,,,,0.0,0.9553284805011296
2020-03-03,0.037948151121262486,0.03724583274588781,0.00431723107805573,long_entry,LQ45,0.0,0.9553284805011296
2020-03-04,0.03427361396567363,0.03369935806941627,-0.00350524574728969,long_close,LQ45,0.03427361396567363,0.9880710400522389
2020-03-05,-0.0030568853393094786,-0.003061567156919226,-0.00300208612595264,,,0.0,0.9880710400522389
2020-03-06,-0.03551193669370356,-0.03615782275617566,-0.0142222270570444,,,0.0,0.9880710400522389
2020-03-09,-0.08261279424210943,-0.08622564311438458,0.0201698617625363,long_entry,LQ45,0.0,0.9880710400522389
2020-03-10,0.023004572292626646,0.022743956453759966,-0.00934326342686345,long_close,LQ45,0.023004572292626646,1.0108011917233715
2020-03-11,-0.015255746896369438,-0.015373313041899797,0.00567223898828405,long_entry,LQ45,0.0,1.0108011917233715
2020-03-12,-0.06115130303432803,-0.06310094484898049,-0.00586065898565196,long_close,LQ45,-0.06115130303432803,0.9489893817408357
2020-03-13,0.009913732053416835,0.009864913396702833,0.000840049460622792,long_entry,LQ45,0.0,0.9489893817408357
2020-03-16,-0.05830664529110485,-0.06007558318752956,0.00260196887086438,,,-0.05830664529110485,0.8936569944746479
2020-03-17,-0.06597450407424987,-0.06825154356082322,0.0154700600483197,,,-0.06597450407424987,0.8346984174516983
2020-03-18,-0.04099986742355766,-0.04186406585424296,-0.000902655400603011,long_close,LQ45,-0.04099986742355766,0.8004758929975252
2020-03-19,-0.06636366463033061,-0.06866827913381814,0.0167723440521614,long_entry,LQ45,0.0,0.8004758929975252
2020-03-20,0.020649569936067147,0.02043925787457602,0.0152735262804137,,,0.020649569936067147,0.8170053759321134
2020-03-23,-0.06618547278114995,-0.06847743946752086,-0.00754761451882076,long_close,LQ45,-0.06618547278114995,0.7629314888613054
2020-03-24,-0.028419048041504857,-0.028830686864642463,-0.000373005242664861,,,0.0,0.7629314888613054
2020-03-26,0.1492157322382619,0.13907973775976895,-0.00700942990054103,,,0.0,0.7629314888613054
2020-03-27,0.07271926759683423,0.0701967962356738,0.00802612952158884,long_entry,LQ45,0.0,0.7629314888613054
2020-03-30,-0.04008415895029105,-0.040909663936325925,-0.000667184371231899,long_close,LQ45,-0.04008415895029105,0.7323500217936065
2020-03-31,0.03035315347843137,0.029901610930718525,-0.0156242398584423,,,0.0,0.7323500217936065
2020-04-01,-0.018563825907137677,-0.018738296322669972,0.0146764009559517,long_entry,LQ45,0.0,0.7323500217936065
2020-04-02,0.01446262381710084,0.014359037630777964,-0.00466726885465433,long_close,LQ45,0.01446262381710084,0.7429417246612531
2020-04-03,0.020796090542535284,0.020582803803381573,,,,0.0,0.7429417246612531
2020-04-06,0.04884541783171659,0.04768995709849831,,,,0.0,0.7429417246612531
2020-04-07,-0.009487859079560734,-0.009533155553241654,-0.0188547508848015,,,0.0,0.7429417246612531
2020-04-08,-0.043864952166516424,-0.044856112483327715,0.00930204800545287,long_entry,LQ45,0.0,0.7429417246612531
2020-04-09,0.003339425214720526,0.0033338617168209195,-0.0037032286913831,long_close,LQ45,0.003339425214720526,0.7454227229896548
2020-04-13,-0.00939921879951866,-0.009443670214862932,-0.00585484366679573,,,0.0,0.7454227229896548
2020-04-14,0.02708085283756989,0.02672065505068412,0.0125048478640055,long_entry,LQ45,0.0,0.7454227229896548
2020-04-15,-0.025018963692883145,-0.02533725811486105,-0.0149530174711647,long_close,LQ45,-0.025018963692883145,0.7267730189473266
2020-04-16,-0.045720292449136224,-0.04679845600919707,0.0099292245893015,long_entry,LQ45,0.0,0.7267730189473266
2020-04-17,0.049465011002059134,0.048280520992034934,0.00614468247585111,,,0.049465011002059134,0.7627228543255559
2020-04-20,-0.018145995727793407,-0.01831265350098533,-0.0100301244768079,long_close,LQ45,-0.018145995727793407,0.7488824886694739
2020-04-21,-0.022288893969813928,-0.022541045191481184,0.0106226521574225,long_entry,LQ45,0.0,0.7488824886694739
2020-04-22,0.022123061311246195,0.021881896774464463,-0.0184028113871073,long_close,LQ45,0.022123061311246195,0.7654500618812273
2020-04-23,0.003399686702904914,0.003393920832472397,0.015231158289415,long_entry,LQ45,0.0,0.7654500618812273
2020-04-24,-0.030698620451377834,-0.03117969424243123,-0.0028168379295137,long_close,LQ45,-0.030698620451377834,0.7419518009570518
2020-04-27,0.00913062746291371,0.009089195294145237,-0.00543243977262564,,,0.0,0.7419518009570518
2020-04-28,0.0021051915969492185,0.0021029787861688476,0.0109606228107164,long_entry,LQ45,0.0,0.7419518009570518
2020-04-29,0.013841559216070554,0.013746639721593144,-0.0137109288843815,long_close,LQ45,0.013841559216070554,0.752221570745469
2020-04-30,0.04876111983712472,0.04760958168669117,0.0264704473980841,long_entry,LQ45,0.0,0.752221570745469
2020-05-04,-0.03406479045400734,-0.03465851788233163,-0.00750932060785044,long_close,LQ45,-0.03406479045400734,0.7265973005630404
2020-05-05,0.002364621940727174,0.0023618306216760805,0.014980597675519,long_entry,LQ45,0.0,0.7265973005630404
2020-05-06,-0.0050943895729315125,-0.005107410215801387,-0.0107539199979333,long_close,LQ45,-0.0050943895729315125,0.7228957308513319
2020-05-08,-0.0017601855701718794,-0.001761736517029327,0.00628558907596471,long_entry,LQ45,0.0,0.7228957308513319
2020-05-11,0.013202567384778208,0.013116173078984977,0.01066944771518,,,0.013202567384778208,0.732439810450065
2020-05-12,-0.019588942092664374,-0.01978334841653617,0.0131229961224551,,,-0.019588942092664374,0.7180920894167966
2020-05-13,-0.010562313711237947,-0.010618490870715922,0.00874689960130288,,,-0.010562313711237947,0.710507375494818
2020-05-14,-0.019200189384821487,-0.019386906892400305,-0.0104076866029145,long_close,LQ45,-0.019200189384821487,0.6968654993260051
2020-05-15,-0.006681648045125721,-0.0067040701891531865,0.00294668651368559,long_entry,LQ45,0.0,0.6968654993260051
2020-05-18,0.005128588102871978,0.005115481687412307,-0.00434248041699579,long_close,LQ45,0.005128588102871978,0.7004394354351503
2020-05-19,0.016049233260081675,0.01592180591539369,0.000445180141680718,long_entry,LQ45,0.0,0.7004394354351503
2020-05-20,0.0015944794321611777,0.0015932095994669255,0.00370043801391494,,,0.0015944794321611777,0.7015562717084263
2020-05-26,0.02557503208672607,0.025253462198702132,-0.00371998292690642,long_close,LQ45,0.02557503208672607,0.7194985958680132
2020-05-27,0.006571552303558548,0.00655005378806648,0.00119456088032652,long_entry,LQ45,0.0,0.7194985958680132
2020-05-28,0.022338800805967285,0.022092944482929366,0.00265598058862628,,,0.022338800805967285,0.735571331681282
2020-05-29,0.023218157322644428,0.022952716749207985,-0.00167980918449374,long_close,LQ45,0.023218157322644428,0.752649942582285
2020-06-02,0.03263849921278994,0.032117176530533545,0.00901321221487608,long_entry,LQ45,0.0,0.752649942582285
2020-06-03,0.028204655062452177,0.02781422801907132,0.00106739133677843,,,0.028204655062452177,0.7738781745955928
2020-06-04,-0.007850398364771638,-0.007881374967634034,0.0049151104634967,,,-0.007850398364771638,0.7678029226392151
2020-06-05,0.00792560609289894,0.007894363446299164,0.00320467749160523,,,0.00792560609289894,0.7738882261610301
2020-06-08,0.031946222978892935,0.031446556185046354,-0.00321103131684603,long_close,LQ45,0.031946222978892935,0.7986110319947103
2020-06-09,-0.015906101835060915,-0.01603396151818693,0.00296945639844719,long_entry,LQ45,0.0,0.7986110319947103
2020-06-10,-0.030269347334671903,-0.030736923708899723,-0.00635808772123727,long_close,LQ45,-0.030269347334671903,0.7744375972819616
2020-06-11,-0.01797221744390287,-0.018135679219223953,6.68781987244674e-05,long_entry,LQ45,0.0,0.7744375972819616
2020-06-12,0.009123703982562237,0.009082334434001272,0.00272849767602885,,,0.009123703982562237,0.7815033366725289
2020-06-15,-0.016287511452562242,-0.016421611060187673,0.00124025380708589,,,-0.016287511452562242,0.7687745921262595
2020-06-16,0.04888768775368413,0.04773025767044497,0.0236225820573159,,,0.04888768775368413,0.806358204339094
2020-06-17,-0.0007345170968902082,-0.0007347869867402522,-0.0155666248019076,long_close,LQ45,-0.0007345170968902082,0.8057659204517893
2020-06-18,-0.017383283627716906,-0.017536147004466856,0.00733375772510767,long_entry,LQ45,0.0,0.8057659204517893
2020-06-19,0.0071655714226210865,0.007140020700125934,-0.0105336630858047,long_close,LQ45,0.0071655714226210865,0.8115396937047006
2020-06-22,-0.008117872991935449,-0.008151002337925274,0.00437647253929265,long_entry,LQ45,0.0,0.8115396937047006
2020-06-23,-0.009064547516309918,-0.00910588049322991,0.0121346513694773,,,-0.009064547516309918,0.8041834535897427
2020-06-24,0.023332549804326863,0.023064507267178735,0.00949200013888136,,,0.023332549804326863,0.822947104072441
2020-06-25,-0.015364467054685749,-0.015483723597747816,0.00625858464827641,,,-0.015364467054685749,0.8103029604041709
2020-06-26,0.00032892573385323587,0.00032887164964350767,-0.00312361857009595,long_close,LQ45,0.00032892573385323587,0.8105694899000653
2020-06-29,-0.0008943741769024127,-0.0008947743681181531,0.00226556604141407,long_entry,LQ45,0.0,0.8105694899000653
2020-06-30,-0.004502228656617535,-0.004512394211298647,,,,-0.004502228656617535,0.8069201207144573
2020-07-01,0.004205226956424113,0.004196409699946619,-0.00631321477411068,long_close,LQ45,0.004205226956424113,0.8103134029577668
2020-07-02,0.0137480607525573,0.01365441350119952,0.0107761649550419,long_entry,LQ45,0.0,0.8103134029577668
2020-07-03,0.0014808846712104362,0.001479789242841088,0.00020140217446756,,,0.0014808846712104362,0.8115133836550833
2020-07-06,0.005629300737550302,0.005613515436584077,0.00261117565126155,,,0.005629300737550302,0.8160816365442248
2020-07-07,0.0007739412234506471,0.0007736418853787277,0.000111385593076529,,,0.0007739412234506471,0.8167132357644474
2020-07-08,0.026665809756908798,0.026316473664663526,-0.000624196072261777,long_close,LQ45,0.026665809756908798,0.8384915555352916
2020-07-09,-0.008850285078203957,-0.008889681469631934,0.00234963357965488,long_entry,LQ45,0.0,0.8384915555352916
2020-07-10,-0.006307445610534423,-0.006327421588161284,0.00127700440274557,,,-0.006307445610534423,0.8332028156538603
2020-07-13,0.009291804387209224,0.00924890113380969,0.00507126164925941,,,0.009291804387209224,0.840944773231788
2020-07-14,0.004394824286420018,0.004385195247812849,0.000415075194468669,,,0.004394824286420018,0.844640577744725
2020-07-15,-0.001735134916524328,-0.0017366420067024364,0.00406459114618877,,,-0.001735134916524328,0.8431750123863668
2020-07-16,0.004912101919445799,0.004900076909451477,-0.00179186504476689,long_close,LQ45,0.004912101919445799,0.8473167739831386
2020-07-17,-0.006304403604229902,-0.006324360277462293,-0.00206203111839184,,,0.0,0.8473167739831386
2020-07-20,-0.008816616848465242,-0.008855713182692999,0.00246811523239546,long_entry,LQ45,0.0,0.8473167739831386
2020-07-21,0.018642661975625918,0.018471017544006412,-0.00103936984452965,long_close,LQ45,0.018642661975625918,0.8631130141867841
2020-07-22,-0.0009494425646722204,-0.000949893570756206,0.00406168681570565,long_entry,LQ45,0.0,0.8631130141867841
2020-07-23,0.008540510853866312,0.00850424701920871,0.00560135762937254,,,0.008540510853866312,0.8704844402525596
2020-07-24,-0.0191060360520231,-0.01929091501630675,-0.00427603781726805,long_close,LQ45,-0.0191060360520231,0.853852933154369
2020-07-27,0.011654031565097922,0.011586646373363324,0.0107279268849489,long_entry,LQ45,0.0,0.853852933154369
2020-07-28,-0.0008496085364420036,-0.0008499696583305822,-0.00131148074054609,long_close,LQ45,-0.0008496085364420036,0.8531274924134951
2020-07-29,-0.0053771356446979945,-0.005391644472565144,0.000280836431629631,long_entry,LQ45,0.0,0.8531274924134951
2020-07-30,0.009592905071754476,0.009547185315533412,0.00185793284606874,,,0.009592905071754476,0.8613114634623217
2020-08-03,-0.03566582520782857,-0.03631739009360251,-0.00959788598833442,long_close,LQ45,-0.03566582520782857,0.8305920793569755
2020-08-04,0.020055050421374787,0.019856596841145453,0.0229349891126916,long_entry,LQ45,0.0,0.8305920793569755
2020-08-05,0.014925911714067208,0.014815616444448412,,,,0.014925911714067208,0.8429894234038613
2020-08-06,0.012348943337092466,0.01227331710252402,0.00532596611123148,,,0.012348943337092466,0.8533994520272439
2020-08-07,-0.00665363574634481,-0.00667586986067881,-0.00864075367959528,long_close,LQ45,-0.00665363574634481,0.8477212429273243
2020-08-10,0.0008807129467074404,0.0008803253466197736,-0.00249439166795155,,,0.0,0.8477212429273243
2020-08-11,0.006692233505417811,0.006669939918095201,0.00476891625508532,long_entry,LQ45,0.0,0.8477212429273243
2020-08-12,0.0159054328503192,0.01578026692104417,-0.00445678913099529,long_close,LQ45,0.0159054328503192,0.861204616232494
2020-08-13,0.0007028636126553689,0.000702616719707644,0.000317941726931067,long_entry,LQ45,0.0,0.861204616232494
2020-08-14,0.0017195240144665114,0.001718047325607306,0.00273231384835585,,,0.0017195240144665114,0.8626854782514752
2020-08-18,0.014264704970910147,0.014163921368468987,,,,0.014264704970910147,0.874991432081421
2020-08-19,-0.0049819939673388935,-0.004994445472046946,0.00335296045513591,,,-0.0049819939673388935,0.8706322300453182
2020-08-24,0.0015571699381320414,0.00155595880615312,0.000279711292292287,,,0.0015571699381320414,0.8719879523811136
2020-08-25,0.017760154191617472,0.01760428544930599,0.00186175637731525,,,0.017760154191617472,0.887474592868635
2020-08-26,-0.001727365444945117,-0.0017288590608968537,-0.00162871893116256,long_close,LQ45,-0.001727365444945117,0.885941599923647
2020-08-27,0.003707933075719927,0.0037010756379256752,0.000782148611666113,long_entry,LQ45,0.0,0.885941599923647
2020-08-28,-0.00577009043213228,-0.005786801718691966,-0.00232962713800002,long_close,LQ45,-0.00577009043213228,0.8808296367744995
2020-08-31,-0.027791209151983187,-0.028184692189880213,-0.00231326388082003,,,0.0,0.8808296367744995
2020-09-01,0.02069910761846039,0.020487792143069842,0.00158563139919581,long_entry,LQ45,0.0,0.8808296367744995
2020-09-02,0.002282297664375932,0.00227969717903099,-0.00648429036240398,long_close,LQ45,0.002282297664375932,0.8828399521972231
2020-09-03,-0.009997975315351737,-0.010048290719584383,0.00648200836689712,long_entry,LQ45,0.0,0.8828399521972231
2020-09-04,-0.010925551936989186,-0.01098567409241634,-0.00140282351551125,long_close,LQ45,-0.010925551936989186,0.8731944384474433
2020-09-07,-0.001974279804816459,-0.001976231264097766,0.00241125306970984,long_entry,LQ45,0.0,0.8731944384474433
2020-09-08,0.002524323249669669,0.002521142497441948,0.00177407254327361,,,0.002524323249669669,0.8753986634698984
2020-09-09,-0.026293209468572942,-0.026645057075531928,-0.00311525104556343,long_close,LQ45,-0.026293209468572942,0.8523816230427755
2020-09-10,-0.05996143710157553,-0.061834380199537485,0.00975820842805175,long_entry,LQ45,0.0,0.8523816230427755
2020-09-11,0.02936043531501986,0.028937672793221868,0.000277678494777687,,,0.02936043531501986,0.8774079185498346
2020-09-14,0.03443312203306226,0.033853568489800215,,,,0.03443312203306226,0.9076198124820362
2020-09-15,-0.017848265108725725,-0.018009466381506578,0.00693831475526165,,,-0.017848265108725725,0.8914203734509248
2020-09-16,-0.011862162355753991,-0.011933079179459275,0.00330857860622401,,,-0.011862162355753991,0.8808462002538231
2020-09-17,-0.0074612758696593895,-0.00748925042591471,-0.00403923961036694,long_close,LQ45,-0.0074612758696593895,0.8742739637549881
2020-09-18,0.006163485355111353,0.006144568767531423,0.00291353003803476,long_entry,LQ45,0.0,0.8742739637549881
2020-09-21,-0.01582688705297075,-0.0159534696116664,-0.0012745672442801,long_close,LQ45,-0.01582688705297075,0.8604369284772849
2020-09-22,-0.015091691423430476,-0.015206729882504018,-0.00698616501284966,,,0.0,0.8604369284772849
2020-09-23,-0.0029086070398861574,-0.002912845257543929,-0.00154829874674846,,,0.0,0.8604369284772849
2020-09-24,-0.018801868006961486,-0.018980870397985898,-0.00198144463668412,,,0.0,0.8604369284772849
2020-09-25,0.027459469357052457,0.027089220729029233,0.000635771611015747,long_entry,LQ45,0.0,0.8604369284772849
2020-09-28,-0.013573241825554194,-0.013666200396888466,-0.00438508549711821,long_close,LQ45,-0.013573241825554194,0.8487580099714257
2020-09-29,-0.010159993489583297,-0.010211958499175293,0.00941015886084966,long_entry,LQ45,0.0,0.8487580099714257
2020-09-30,-0.007044883259720303,-0.007069815615821306,-0.00497037392033123,long_close,LQ45,-0.007044883259720303,0.8427786088754244
2020-10-01,0.03242211569877318,0.03190761027059308,-0.000959927729108433,,,0.0,0.8427786088754244
2020-10-02,-0.01338939965160113,-0.013479845917901065,-0.00550794785013146,,,0.0,0.8427786088754244
2020-10-05,0.005633595592293705,0.005617786240516519,-0.00103471434296987,,,0.0,0.8427786088754244
2020-10-06,0.012011741602301118,0.011940173171782116,0.00054941760884786,long_entry,LQ45,0.0,0.8427786088754244
2020-10-07,-9.153356825886139e-05,-9.153775771157281e-05,0.000920291907980384,,,-9.153356825886139e-05,0.8427014663421019
2020-10-08,0.008323607334251415,0.008289157149251596,0.0011163939616768,,,0.008323607334251415,0.8497157824479314
2020-10-09,0.0017132939234272282,0.0017118279096293688,-0.00142512949837584,long_close,LQ45,0.0017132939234272282,0.8511715953346397
2020-10-12,0.007165305883580997,0.007139757050252836,0.00140582762018528,long_entry,LQ45,0.0,0.8511715953346397
2020-10-13,0.0080406536705937,0.00800849985831744,0.000812292897889747,,,0.0080406536705937,0.8580155713469723
2020-10-14,0.01624662331979998,0.016116059187819474,0.00230771156235228,,,0.01624662331979998,0.8719554271371694
2020-10-15,-0.01682828140986392,-0.01697148580010881,0.00250186553391432,,,-0.01682828140986392,0.8572819158324471
2020-10-16,0.0007280902828832314,0.0007278253537403073,0.000470240834951291,,,0.0007280902828832314,0.8579060944650562
2020-10-19,0.008934839352775725,0.008895159853797309,0.00112937686745281,,,0.008934839352775725,0.8655713475988687
2020-10-20,-0.005073071925735806,-0.0050859836416711065,0.00286377532783721,,,-0.005073071925735806,0.8611802418956436
2020-10-21,0.0009663925579390664,0.0009659259012758645,-0.000675651407741363,long_close,LQ45,0.0009663925579390664,0.8620124800724557
2020-10-22,0.0017276236413532597,0.001726133016209396,-5.979858399574e-06,,,0.0,0.8620124800724557
2020-10-23,0.0015978616332632534,0.001596586410602575,0.00289731012984375,long_entry,LQ45,0.0,0.8620124800724557
2020-10-26,0.0055582469521253675,0.005542856899008982,-0.0010080412686704,long_close,LQ45,0.0055582469521253675,0.8668037583125124
2020-10-27,-0.004671336132779258,-0.004682280921237334,0.00204448696891573,long_entry,LQ45,0.0,0.8668037583125124
2020-11-02,-0.0024035729463156574,-0.0024064661647405913,0.000126454511471768,,,-0.0024035729463156574,0.8647203322492677
2020-11-03,0.007824047852307059,0.007793598710480861,-0.000940212421135102,long_close,LQ45,0.007824047852307059,0.8714859455076488
2020-11-04,-0.01716221587784894,-0.017311193691383703,0.000261231374109893,long_entry,LQ45,0.0,0.8714859455076488
2020-11-05,0.044845247324706294,0.043868785766070846,0.00206564356691843,,,0.044845247324706294,0.9105679482739448
2020-11-06,0.022961247655075345,0.022701605171900445,-0.000725993112624376,long_close,LQ45,0.022961247655075345,0.9314757244410367
2020-11-09,0.006719349847306155,0.006696875634681107,0.00236763296951049,long_entry,LQ45,0.0,0.9314757244410367
2020-11-10,0.027911578285714667,0.027529149992869352,0.00198444603622153,,,0.027911578285714667,0.9574746820450154
2020-11-11,0.01857709107072658,0.01840664461141146,-0.000779973200905745,long_close,LQ45,0.01857709107072658,0.9752617764112806
2020-11-12,-0.015147402097675067,-0.015263295807917812,0.00215237996445343,long_entry,LQ45,0.0,0.9752617764112806
2020-11-13,0.0005884569617606861,0.0005882838888567387,0.007009049555983,,,0.0005884569617606861,0.9758356759931489
2020-11-16,0.00719556059333315,0.007169796066854011,-0.00144875611312639,long_close,LQ45,0.00719556059333315,0.9828573607288938
2020-11-17,0.00958279343033519,0.009537169702303842,0.0064774570993593,long_entry,LQ45,0.0,0.9828573607288938
2020-11-18,0.004354710046495791,0.0043452557339571495,-0.00249604858320022,long_close,LQ45,0.004354710046495791,0.9871374195519323
2020-11-19,0.0016597647632849988,0.0016583888759727431,-0.0026299912425153,,,0.0,0.9871374195519323
2020-11-20,-0.002502446924141033,-0.0025055832779102695,-0.00245034985930842,,,0.0,0.9871374195519323
2020-11-23,0.01893993475880662,0.018762807222389325,0.000954411858939963,long_entry,LQ45,0.0,0.9871374195519323
2020-11-24,0.0068984228240596135,0.006874737570204223,-0.000211419023741634,long_close,LQ45,0.0068984228240596135,0.9939471108574527
2020-11-25,-0.0048684659716971,-0.004880355557214253,,,,0.0,0.9939471108574527
2020-11-26,0.019170751226381233,0.01898930764765924,0.000944079942712931,long_entry,LQ45,0.0,0.9939471108574527
2020-11-27,-0.0007276916570663206,-0.0007279565531564483,-0.00119541514006739,long_close,LQ45,-0.0007276916570663206,0.9932238238373166
2020-11-30,-0.040266911980976205,-0.041100066492199445,,,,0.0,0.9932238238373166
2020-12-01,0.02465293365279586,0.024353953937657366,-0.00191518215987024,,,0.0,0.9932238238373166
2020-12-02,0.019373769581715772,0.019188487360374318,-0.00700088660313032,,,0.0,0.9932238238373166
2020-12-03,-0.001279319023506198,-0.0012801380506940465,,,,0.0,0.9932238238373166
2020-12-04,-0.005351823438393355,-0.005366195747091979,0.00825861124287441,long_entry,LQ45,0.0,0.9932238238373166
2020-12-07,0.021904510040074987,0.0216680530131892,0.0047684835836284,,,0.021904510040074987,1.0149799050586028
2020-12-08,-0.0032467297543190554,-0.0032520118174208137,,,,-0.0032467297543190554,1.0116845396008132
2020-12-10,-0.001017928357201603,-0.001018446798125473,0.00434271078373672,,,-0.001017928357201603,1.0106547172194111
2020-12-11,-0.002563485680636579,-0.002566777036152407,-0.000514084787605288,long_close,LQ45,-0.002563485680636579,1.0080639183237514
2020-12-14,0.012086790765927002,0.012014328814365849,-0.00215328038345441,,,0.0,1.0080639183237514
2020-12-15,0.005896839962768574,0.005879521650853509,-0.000125246064885681,,,0.0,1.0080639183237514
2020-12-16,0.024642736124499187,0.024344001710219276,0.000712140139343038,long_entry,LQ45,0.0,1.0080639183237514
2020-12-17,-0.0014122787462996778,-0.0014132769518686674,0.00155875761938192,,,-0.0014122787462996778,1.0066402510769912
2020-12-18,-0.006534615897645479,-0.006556059970345531,0.00208975498066482,,,-0.006534615897645479,1.0000622436890936
2020-12-21,0.008967543345705487,0.008927573704153034,0.000892393963150948,,,0.008967543345705487,1.009030345207779
2020-12-22,-0.03296636431638034,-0.033522000593321374,0.000920727535302339,,,-0.03296636431638034,0.9757662832413763
2020-12-23,-0.002321660441251372,-0.0023243596734633283,0.00191379168409902,,,-0.002321660441251372,0.9735008852616679
2020-12-28,0.020388596146432292,0.02018353135716554,-0.00091120756815507,long_close,LQ45,0.020388596146432292,0.9933492016594624
2020-12-29,-0.010785644204699518,-0.010844230909550367,0.0044863141749727,long_entry,LQ45,0.0,0.9933492016594624
2020-12-30,-0.011315699090665876,-0.011380208723033134,0.00843033829480396,,,-0.011315699090665876,0.9821087610015308
2021-01-04,0.02541476472455395,0.02509717925400149,-0.000801281658515847,long_close,LQ45,0.02541476472455395,1.007068824096308
2021-01-05,0.0028581757310754963,0.00285409891314793,-0.00125849644658278,,,0.0,1.007068824096308
2021-01-06,-0.01634094564462607,-0.01647593144747774,0.00944035320877108,long_entry,LQ45,0.0,1.007068824096308
2021-01-07,0.012298034190091789,0.012223027696443374,-0.00232967694429444,long_close,LQ45,0.012298034190091789,1.0194537909268198
2021-01-08,0.022981061574731454,0.02272097416345738,-0.00455137588607184,,,0.0,1.0194537909268198
2021-01-11,0.022168692269842083,0.021926539089851718,0.00157390010823534,long_entry,LQ45,0.0,1.0194537909268198
2021-01-12,-0.004575350143335211,-0.004585849094293514,8.45170254580498e-05,,,-0.004575350143335211,1.014789432878379
2021-01-13,0.0064730562715547,0.006452196014162337,-0.00300104953189118,long_close,LQ45,0.0064730562715547,1.0213582219811799
2021-01-14,-0.0005085400773523485,-0.0005086694277125724,-0.000275085273775475,,,0.0,1.0213582219811799
2021-01-15,-0.013597642427440326,-0.0136909370572435,0.00246741080445227,long_entry,LQ45,0.0,1.0213582219811799
2021-01-18,0.009618214680783721,0.0095722541246173,0.00314101794780635,,,0.009618214680783721,1.0311818646261783
2021-01-19,-0.009226075253498944,-0.00926889908657432,-0.00214712285925083,long_close,LQ45,-0.009226075253498944,1.0216681031430939
2021-01-20,0.026095746299120703,0.025761062374189177,0.00375614333784183,long_entry,LQ45,0.0,1.0216681031430939
2021-01-21,-0.0035965191569177213,-0.0036030021808215813,-0.00375388041062355,long_close,LQ45,-0.0035965191569177213,1.017993654238128
2021-01-22,-0.01941239154702845,-0.019603286543836765,0.00560125087204438,long_entry,LQ45,0.0,1.017993654238128
2021-01-25,-0.0036608290004331856,-0.0036675462336909514,0.00340446846344776,,,-0.0036608290004331856,1.0142669535464361
2021-01-26,-0.021326997382336677,-0.021557703872427326,0.00209618618926164,,,-0.021326997382336677,0.9926356848831607
2021-01-27,-0.003868101745291619,-0.0038756021987732437,0.00337507546544658,,,-0.003868101745291619,0.9887960690580254
2021-01-28,-0.02348567682077285,-0.023765860898703087,-0.000143249673133916,long_close,LQ45,-0.02348567682077285,0.9655735241384781
2021-01-29,-0.03034495648133484,-0.030814895972849088,0.00108975449522089,long_entry,LQ45,0.0,0.9655735241384781
2021-02-01,0.03872892835439723,0.03799778140236476,0.0136457865014792,,,0.03872892835439723,1.00296915197574
2021-02-02,-0.009067841160143475,-0.009109204271079393,-0.00118087104631811,long_close,LQ45,-0.009067841160143475,0.9938743870171002
2021-02-03,0.0022903381540426704,0.00228771932751602,0.00397855602889849,long_entry,LQ45,0.0,0.9938743870171002
2021-02-04,0.008970519070648608,0.008930522976976165,-0.00206874119402631,long_close,LQ45,0.008970519070648608,1.0027899561596663
2021-02-05,0.004508616192891335,0.004498482829784303,-0.000550405055163078,,,0.0,1.0027899561596663
2021-02-08,0.004173724697898118,0.004165038868756987,,,,0.0,1.0027899561596663
2021-02-09,-0.0075504203258111025,-0.007579069047052965,-0.0141197530084758,,,0.0,1.0027899561596663
2021-02-10,0.002841131142315545,0.002837102757540805,0.00233770359065358,long_entry,LQ45,0.0,1.0027899561596663
2021-02-11,0.000556087683941886,0.0005559331244821903,0.00450549262919407,,,0.000556087683941886,1.0033475953038673
2021-02-15,0.006040532090662687,0.00602236121448443,0.00237625329728632,,,0.006040532090662687,1.0094083486513896
2021-02-16,0.0005941785012999468,0.0005940020471476259,0.000894972330141357,,,0.0005941785012999468,1.010008117391191
2021-02-17,-0.013772444276465623,-0.013868164268799624,0.000680861233268206,,,-0.013772444276465623,0.9960978368756429
2021-02-18,-0.006327432307467018,-0.006347535352573462,0.00370219012655675,,,-0.006327432307467018,0.9897950952411979
2021-02-19,0.0118743706649731,0.011804423500191077,0.00120306208036826,,,0.0118743706649731,1.0015482890844642
2021-02-22,-0.0006408419049305225,-0.0006410473318728973,0.00147353163222794,,,-0.0006408419049305225,1.0009064549710074
2021-02-23,0.008378570939093333,0.008343665549597139,0.00273134302430277,,,0.008378570939093333,1.0092926207073785
2021-02-24,-0.008851086910112826,-0.008890490461675352,-0.00309064183053103,long_close,LQ45,-0.008851086910112826,1.0003592840037618
2021-02-25,0.001914346369386477,0.0019125163435388382,0.00448907076751096,long_entry,LQ45,0.0,1.0003592840037618
2021-02-26,-0.00817811137279123,-0.008211735572721904,0.00396264687345802,,,-0.00817811137279123,0.9921782343663734
2021-03-01,0.024313279389388764,0.02402241673186426,-0.000564317995924644,long_close,LQ45,0.024313279389388764,1.0163013409825936
2021-03-02,-6.199888439850643e-05,-6.200080640878183e-05,-0.00192909018789147,,,0.0,1.0163013409825936
2021-03-03,0.0005787131576537874,0.0005785457677717379,0.00271553351606606,long_entry,LQ45,0.0,1.0163013409825936
2021-03-04,-0.02039825721179611,-0.02060917482424115,0.00148414069015366,,,-0.02039825721179611,0.9955705648245373
2021-03-05,-0.007496268275411833,-0.0075245065038417654,0.00343672155989118,,,-0.007496268275411833,0.9881075007835093
2021-03-08,-0.0011897628267778515,-0.0011904711564551277,0.000540619923860558,,,-0.0011897628267778515,0.9869318872102167
2021-03-09,-0.01317750231549808,-0.013265095960450146,,,,-0.01317750231549808,0.9739265899812652
2021-03-10,0.012232620487947043,0.012158406593259426,,,,0.012232620487947043,0.9858402643396265
2021-03-12,0.012382884083959045,0.012306843267727822,,,,0.012382884083959045,0.9980478100582436
2021-03-15,-0.008140245990618133,-0.008173558698606795,0.00352309000201651,,,-0.008140245990618133,0.9899234553739718
2021-03-16,2.1162874725977332e-05,2.1162650795503335e-05,0.00676796807079804,,,2.1162874725977332e-05,0.9899444050000461
2021-03-17,-0.003689898869486341,-0.0036967233392275847,-0.000449082125943781,long_close,LQ45,-0.003689898869486341,0.9862916102591821
2021-03-18,0.018315743306646315,0.018150030457634126,-0.00779299147081709,,,0.0,0.9862916102591821
2021-03-19,0.0009405578295713646,0.0009401157822150008,,,,0.0,0.9862916102591821
2021-03-22,-0.01405387795721691,-0.014153568831120325,,,,0.0,0.9862916102591821
2021-03-23,-0.003981880002719929,-0.003989828794671736,0.00423256018337878,long_entry,LQ45,0.0,0.9862916102591821
2021-03-24,-0.015480794939219278,-0.015601873667342288,0.00126873503493781,,,-0.015480794939219278,0.9710230320904873
2021-03-25,-0.0013931908850143282,-0.00139416227776388,0.00428692220331376,,,-0.0013931908850143282,0.9696702116530399
2021-03-26,0.015313608575378002,0.015197538737014292,-0.00319796582977045,long_close,LQ45,0.015313608575378002,0.9845193617214985
2021-03-29,-0.005645311394492314,-0.00566130639109228,-0.003355852382577,,,0.0,0.9845193617214985
2021-03-30,-0.017835553106527513,-0.01799652345274972,0.00583629416530971,long_entry,LQ45,0.0,0.9845193617214985
2021-03-31,-0.015367361901702181,-0.015486663620908704,0.00375085945301513,,,-0.015367361901702181,0.9693898963906914
2021-04-01,-0.001030131811845636,-0.001030662762284468,0.00327335608445924,,,-0.001030131811845636,0.9683912970203375
2021-04-05,-0.006852496813429476,-0.006876082980898708,0.00123616200323598,,,-0.006852496813429476,0.9617553987433528
2021-04-06,0.004845510551713117,0.00483380885071262,,,,0.004845510551713117,0.9664155946761308
2021-04-07,0.00456654881266183,0.004556153762953587,-0.0012124145067117,long_close,LQ45,0.00456654881266183,0.9708287786625369
2021-04-08,0.0027540179188034752,0.0027502325598265424,-0.000491409069023022,,,0.0,0.9708287786625369
2021-04-09,-0.0001433951197996608,-0.0001434054018627955,0.000627741450862166,long_entry,LQ45,0.0,0.9708287786625369
2021-04-12,-0.026122729352652585,-0.026469988774497882,,,,-0.026122729352652585,0.9454680812297692
2021-04-13,-0.0012686706316022978,-0.0012694760754887824,0.00876707953181238,,,-0.0012686706316022978,0.9442685936419957
2021-04-14,0.026301764086235302,0.025961820547753575,-0.00117150116081918,long_close,LQ45,0.026301764086235302,0.9691045234260086
2021-04-15,0.003934220603156069,0.0039265017956498045,-0.00365859682771271,,,0.0,0.9691045234260086
2021-04-16,-0.000847628384021637,-0.0008479878240890926,0.000320179969690262,long_entry,LQ45,0.0,0.9691045234260086
2021-04-19,-0.004979737769450154,-0.004992177980084884,0.000501755010085923,,,-0.004979737769450154,0.9642786370281591
2021-04-20,-0.0006532988313335819,-0.0006535123240031644,0.00726736906780606,,,-0.0006532988313335819,0.9636486749215086
2021-04-21,-0.01082478678168508,-0.010883801050440449,0.00142826300230018,,,-0.01082478678168508,0.95321738348303
2021-04-22,0.0013105478041965934,0.0013096897859904881,0.00116521379938573,,,0.0013105478041965934,0.9544666204318757
2021-04-23,0.009821432777658679,0.009773515992300927,-0.0016091422454962,long_close,LQ45,0.009821432777658679,0.9638408501829664
2021-04-26,-0.011697717695935972,-0.011766674279520505,0.00461280862303703,long_entry,LQ45,0.0,0.9638408501829664
2021-04-27,-0.0009303247065139963,-0.0009307577271311221,0.00360962891814752,,,-0.0009303247065139963,0.9629441652268937
2021-04-28,-0.0005047974243553854,-0.0005049248774690104,-0.00121940904332365,long_close,LQ45,-0.0005047974243553854,0.9624580734924891
2021-04-29,0.007756171237144116,0.00772624677425352,0.00115225339483329,long_entry,LQ45,0.0,0.9624580734924891
2021-04-30,-0.0045444103996820084,-0.004554767622849374,-0.000563948972063278,long_close,LQ45,-0.0045444103996820084,0.958084269014052
2021-05-03,-0.010506477144647586,-0.010562059837290229,0.00356993950920551,long_entry,LQ45,0.0,0.958084269014052
2021-05-04,0.005178953700617717,0.005165589043335662,0.000780241725675917,,,0.005178953700617717,0.9630461430845659
2021-05-05,0.0016874409720089023,0.0016860188431061798,8.16173925941153e-05,,,0.0016874409720089023,0.964671226604342
2021-05-06,-0.0016508734432494343,-0.0016522376364258397,0.000264077130162058,,,-0.0016508734432494343,0.963078676494874
2021-05-07,-0.009258160066248466,-0.009301283197086308,0.00290062703538209,,,-0.009258160066248466,0.9541623399514937
2021-05-10,0.008833715091828509,0.008794926097245664,0.00175731048499036,,,0.008833715091828509,0.9625911382139776
2021-05-11,-0.006269000927651924,-0.006288733626734714,-0.000642318365456877,long_close,LQ45,-0.006269000927651924,0.9565566534755646
2021-05-17,-0.015222047674103067,-0.015339092333773983,0.00170956896543139,long_entry,LQ45,0.0,0.9565566534755646
2021-05-18,-0.0012650813675738615,-0.0012658822585399027,-0.000198784211458051,long_close,LQ45,-0.0012650813675738615,0.9553465314762238
2021-05-19,-0.015695718113859836,-0.01582020017240401,0.000135760642555125,long_entry,LQ45,0.0,0.9553465314762238
2021-05-20,0.009090293699374863,0.009049225672265598,,,,0.009090293699374863,0.9640309120320217
2021-05-21,-0.00486940983429307,-0.004881304037903804,-0.00246941901259823,long_close,LQ45,-0.00486940983429307,0.9593366504284105
2021-05-24,0.0003261778758105738,0.0003261246913719835,0.00139496760818328,long_entry,LQ45,0.0,0.9593366504284105
2021-05-25,0.007360742865843761,0.007333784804817954,,,,0.007360742865843761,0.9663980808339939
2021-05-27,-0.0013642637968083182,-0.001365195251925339,0.000263504912164393,,,-0.0013642637968083182,0.965079658919007
2021-05-28,0.003380588029124443,0.0033748866870589454,,,,0.003380588029124443,0.9683421956611001
2021-05-31,0.02536148930657589,0.02504522291026548,0.0003874478108216,,,0.02536148930657589,0.9929007959014653
2021-06-02,0.017543425861707318,0.017391316403456196,-0.00390372096308119,long_close,LQ45,0.017543425861707318,1.0103196774023928
2021-06-03,0.016444743959325603,0.01631099349348162,0.000657846130002213,long_entry,LQ45,0.0,1.0103196774023928
2021-06-04,-0.010466641936772936,-0.010521802468111352,0.00154066315142894,,,-0.010466641936772936,0.999745023097346
2021-06-07,-0.003298551971118391,-0.0033040041865836953,0.00503587739541061,,,-0.003298551971118391,0.9964473121807925
2021-06-08,-0.012851728650521643,-0.012935026566268082,0.000678463258610152,,,-0.012851728650521643,0.9836412417101034
2021-06-09,0.004548238977825525,0.004537926994679239,0.0025520100741138,,,0.004548238977825525,0.988115077145846
2021-06-10,0.007242115406565164,0.007216017217098527,-0.00162647062746906,long_close,LQ45,0.007242115406565164,0.9952711205695033
2021-06-11,-0.0041748231020584115,-0.004183562006759959,0.000698668647175315,long_entry,LQ45,0.0,0.9952711205695033
2021-06-14,-0.006377267985651858,-0.006397689628289444,0.00181059044268789,,,-0.006377267985651858,0.9889240099152515
2021-06-15,-0.0007701865520590712,-0.0007704832980978797,0.00184165773304659,,,-0.0007701865520590712,0.9881623539418065
2021-06-16,-0.011271254153128019,-0.011335256114251424,0.00187600205745024,,,-0.011271254153128019,0.9770245249059751
2021-06-17,-0.008575166867310635,-0.008612145159151964,0.00328209492191909,,,-0.008575166867310635,0.9686463765714515
2021-06-18,-0.016364351886113737,-0.016499726806108447,0.00316742856827737,,,-0.016364351886113737,0.9527951064120272
2021-06-21,-0.0048889786765151655,-0.004900968828459643,0.00341734227023127,,,-0.0048889786765151655,0.9481369114536908
2021-06-22,0.011095033686440603,0.011033935310492585,0.000502395666927103,,,0.011095033686440603,0.9586565224256273
2021-06-23,-0.010201832706304592,-0.010254228058614152,-0.000535691205259478,long_close,LQ45,-0.010201832706304592,0.9488764689610333
2021-06-24,-0.00571186145833702,-0.005728236523503256,0.00291746281175216,long_entry,LQ45,0.0,0.9488764689610333
2021-06-25,-0.0009945438270192453,-0.0009950387138828354,0.00147157860423018,,,-0.0009945438270192453,0.9479327697262243
2021-06-28,-0.021490866206730463,-0.021725157704881783,0.00217508224821971,,,-0.021490866206730463,0.9275608733990626
2021-06-29,0.00418910831837227,0.004180358431757811,0.00303445660423559,,,0.00418910831837227,0.9314465263696152
2021-06-30,0.006972557313393857,0.006948361441940704,-0.00296801800438117,long_close,LQ45,0.006972557313393857,0.937941090659089
2021-07-01,0.0026868906869241815,0.0026832874490368822,-0.000475685334249295,,,0.0,0.937941090659089
2021-07-02,0.0051940981672304876,0.005180655368064783,-0.000502718133566503,,,0.0,0.937941090659089
2021-07-05,-0.010123068065895469,-0.010174654758448476,0.00048967491701791,long_entry,LQ45,0.0,0.937941090659089
2021-07-06,0.004816701199428675,0.004805138010291819,0.0019292520014631,,,0.004816701199428675,0.9424588726354601
2021-07-07,-0.00602157892791122,-0.006039781744220016,-0.00107745593113195,long_close,LQ45,-0.00602157892791122,0.9367837821475755
2021-07-08,-0.0023044241027753154,-0.002307083374176288,0.00184182668604301,long_entry,LQ45,0.0,0.9367837821475755
2021-07-09,0.0005000999545898832,0.0004999749462836219,-0.000644154733252891,long_close,LQ45,0.0005000999545898832,0.9372522676744881
2021-07-12,0.004831374716001813,0.0048197410810973534,-6.0420110273976e-05,,,0.0,0.9372522676744881
2021-07-13,-0.010267697411933119,-0.0103207738447538,-0.000673211842663322,,,0.0,0.9372522676744881
2021-07-14,-0.009488701926588128,-0.00953400647404431,0.0021516472484632,long_entry,LQ45,0.0,0.9372522676744881
2021-07-15,0.016187514631147648,0.016057893771715424,-0.000200325969919109,long_close,LQ45,0.016187514631147648,0.9524240524705452
2021-07-16,0.007073243129681384,0.007048345083175927,-0.0032178234993541,,,0.0,0.9524240524705452
2021-07-19,-0.01088358788003152,-0.010943247390515514,0.000425805364571433,long_entry,LQ45,0.0,0.9524240524705452
2021-07-21,0.004165014100080633,0.00415636443784624,0.00179507490737994,,,0.004165014100080633,0.9563909120783409
2021-07-22,0.01856385091207824,0.018393645845959677,-0.00192535937154152,long_close,LQ45,0.01856385091207824,0.9741452103838297
2021-07-23,-0.0132198687869447,-0.013308029092817114,-0.0019067751594141,,,0.0,0.9741452103838297
2021-07-26,-0.004599702672748118,-0.004610313856450096,0.00370834687201742,long_entry,LQ45,0.0,0.9741452103838297
2021-07-27,-0.004751609566413406,-0.004762934351361253,-0.000722319645978366,long_close,LQ45,-0.004751609566413406,0.9695164526830942
2021-07-28,-0.008498239544227348,-0.00853455547593261,0.00109773077918803,long_entry,LQ45,0.0,0.9695164526830942
2021-07-29,0.002467783511309163,0.0024647435338900846,6.43401420428007e-05,,,0.002467783511309163,0.9719090093989684
2021-07-30,-0.011660188499136859,-0.011728701601592373,-0.001126842586495,long_close,LQ45,-0.011660188499136859,0.9605763671453671
2021-08-02,0.008638761878566381,0.008601661290816486,0.00148371146041648,long_entry,LQ45,0.0,0.9605763671453671
2021-08-03,0.010106551064915203,0.010055821392721894,-0.00336987613549957,long_close,LQ45,0.010106551064915203,0.9702844812516724
2021-08-04,0.005867393415024624,0.005850247298265371,-0.000721013775527741,,,0.0,0.9702844812516724
2021-08-05,0.011322395305273014,0.011258776746816237,-0.000710003795151304,,,0.0,0.9702844812516724
2021-08-06,-0.010398465452503447,-0.010452907230549731,-0.000901775270927377,,,0.0,0.9702844812516724
2021-08-09,-0.014677677202161288,-0.014786460071680696,0.00286056940487606,long_entry,LQ45,0.0,0.9702844812516724
2021-08-10,0.000697345464194532,0.0006971024318247662,0.00110070917955966,,,0.000697345464194532,0.9709611047336516
2021-08-12,0.016231554177105645,0.016101230843917482,-0.00117522778137201,long_close,LQ45,0.016231554177105645,0.9867213125089982
2021-08-13,0.006561509998056714,0.006540076995483842,-0.00344727159419778,,,0.0,0.9867213125089982
2021-08-16,0.0017147968761448418,0.0017133282906258377,0.000184979585482029,long_entry,LQ45,0.0,0.9867213125089982
2021-08-18,0.020015252169633957,0.019817580291867386,-7.23278156229419e-06,long_close,LQ45,0.020015252169633957,1.006470788400018
2021-08-19,-0.022047996427922212,-0.02229468625376097,-0.00328969446434025,,,0.0,1.006470788400018
2021-08-20,0.005054408917328779,0.0050416782718159855,0.00588460377844205,long_entry,LQ45,0.0,1.006470788400018
2021-08-23,0.010280266757560774,0.01022778419859773,-0.00351444617452937,long_close,LQ45,0.010280266757560774,1.0168175765884626
2021-08-24,-0.00909906605607258,-0.00914071539686025,0.00081010910875074,long_entry,LQ45,0.0,1.0168175765884626
2021-08-25,0.0025701978834888894,0.0025669005735263605,0.00109586600499335,,,0.0025701978834888894,1.0194309989717045
2021-08-26,-0.009275506130506761,-0.009318791507939557,-0.00126734513471883,long_close,LQ45,-0.009275506130506761,1.0099752604911139
2021-08-27,-0.005292809874857918,-0.005306866414041712,0.00201813439292473,long_entry,LQ45,0.0,1.0099752604911139
2021-08-30,0.02511497993701406,0.024804781847471556,-0.000728230826057251,long_close,LQ45,0.02511497993701406,1.0353407688952287
2021-08-31,-0.000530621104076312,-0.0005307619332745242,-0.00273525266252836,,,0.0,1.0353407688952287
2021-09-01,-0.006901384362365759,-0.006925309054629283,0.00219268954378663,long_entry,LQ45,0.0,1.0353407688952287
2021-09-02,0.002730910226805605,0.002727188066522612,0.000372460296213458,,,0.002730910226805605,1.0381681915892336
2021-09-03,0.012817835739697081,0.012736382580219708,-0.00051711439160401,long_close,LQ45,0.012817835739697081,1.0514752609392026
2021-09-06,0.0007208953853126143,0.0007206356650475965,-0.00237988538122782,,,0.0,1.0514752609392026
2021-09-07,-0.0036247017945264526,-0.0036312869436933197,,,,0.0,1.0514752609392026
2021-09-08,-0.016961634664617642,-0.017107130771160887,0.00283857763591781,long_entry,LQ45,0.0,1.0514752609392026
2021-09-09,0.017802942370583885,0.017646326080760725,0.00276085071585445,,,0.017802942370583885,1.070194614413798
2021-09-10,-0.0018924854333997043,-0.0018942784464820667,-0.0050449084582376,long_close,LQ45,-0.0018924854333997043,1.068169286695117
2021-09-13,-0.005355129986574614,-0.005369520092076701,0.00259790623056577,long_entry,LQ45,0.0,1.068169286695117
2021-09-14,0.005499468408696195,0.005484401546885621,-0.000490371344185496,long_close,LQ45,0.005499468408696195,1.0740436499424362
2021-09-15,-0.004791431654194378,-0.0048029473620527325,-0.000503276382432706,,,0.0,1.0740436499424362
2021-09-16,-0.003960136072465592,-0.003967998174849757,0.00109668422577763,long_entry,LQ45,0.0,1.0740436499424362
2021-09-17,-0.00030139070586054917,-0.00030143613316714667,0.000157124391899683,,,-0.00030139070586054917,1.073719943168655
2021-09-20,-0.008823785225662184,-0.008862945349051184,2.82633093091252e-05,,,-0.008823785225662184,1.0642456689976245
2021-09-21,-0.0036264948108015727,-0.0036330864843800996,0.00157295102090874,,,-0.0036264948108015727,1.0603861876015865
2021-09-22,0.012269160939104351,0.0121945048091232,-0.000893084001474824,long_close,LQ45,0.012269160939104351,1.0733962363948737
2021-09-23,0.0038623223899096892,0.003854882772768201,-0.00224833013952429,,,0.0,1.0733962363948737
2021-09-24,0.0008549759402267654,0.0008546106564886262,0.00121726491872582,long_entry,LQ45,0.0,1.0733962363948737
2021-09-27,-0.005702744521103864,-0.00571906725447349,-0.00212252662962216,long_close,LQ45,-0.005702744521103864,1.0672749318887993
2021-09-28,-0.0016602531955214328,-0.0016616329432232154,0.00128870792610705,long_entry,LQ45,0.0,1.0672749318887993
2021-09-29,0.01216451355219239,0.01209112045198296,-0.000626052644443314,long_close,LQ45,0.01216451355219239,1.0802578122616757
2021-09-30,0.027966042086163156,0.027582133497258472,-0.00212673819880308,,,0.0,1.0802578122616757
2021-10-01,-0.009690596616815261,-0.009737856010529674,-0.00241980637085195,,,0.0,1.0802578122616757
2021-10-04,0.028216385508571307,0.027825636622550692,0.000653981013600905,long_entry,LQ45,0.0,1.0802578122616757
2021-10-05,-0.009703545252749746,-0.009750931439829769,-0.00421777426968187,long_close,LQ45,-0.009703545252749746,1.069775481695758
2021-10-06,0.02870858585930347,0.028304215439938687,0.00191395220694271,long_entry,LQ45,0.0,1.069775481695758
2021-10-07,-0.00411607669041314,-0.00412457105104641,0.00167841806410126,,,-0.00411607669041314,1.0653722037715747
2021-10-08,0.016911014209155972,0.01676961491880765,0.0019035864555862,,,0.016911014209155972,1.0833887282475956
2021-10-11,0.0017768043808576994,0.001775227731276103,0.000586051390107527,,,0.0017768043808576994,1.0853136980861178
2021-10-12,0.0053741146239665305,0.0053597255991286365,0.00171950254100252,,,0.0053741146239665305,1.0911462983025935
2021-10-13,0.014684003580313298,0.014577237499729521,-0.00102679581139698,long_close,LQ45,0.014684003580313298,1.1071686944535144
2021-10-14,0.012649491681893998,0.012570155205517972,0.000896691008904953,long_entry,LQ45,0.0,1.1071686944535144
2021-10-15,-0.00046259863086617337,-0.00046270566262258175,0.00711236687490042,,,-0.00046259863086617337,1.1066565197313223
2021-10-18,0.004340595764033006,0.004331202549860797,,,,0.004340595764033006,1.1114600683331075
2021-10-19,-0.0013006764855406638,-0.0013015230993941296,0.00772646830617553,,,-0.0013006764855406638,1.1100144183576093
2021-10-21,-0.007178309398228833,-0.007204197423702233,-0.00113642608028714,long_close,LQ45,-0.007178309398228833,1.1020463914261434
2021-10-22,0.002716498260375788,0.0027128152474009807,0.00120421466028814,long_entry,LQ45,0.0,1.1020463914261434
2021-10-25,-0.009754911893886775,-0.009802802748799681,,,,-0.009754911893886775,1.0912960259748055
2021-10-26,0.003869648685955518,0.003862180854535495,0.00156067018134776,,,0.003869648685955518,1.0955189582077074
2021-10-27,-0.00851775148209677,-0.008554234845793136,-0.00436620260059472,long_close,LQ45,-0.00851775148209677,1.0861875999777686
2021-10-28,-0.014642262555529584,-0.01475051852302448,0.00461641256509078,long_entry,LQ45,0.0,1.0861875999777686
2021-10-29,0.010373277035882422,0.010319843798496015,-0.00488021456939138,long_close,LQ45,0.010373277035882422,1.0974549248652783
2021-11-01,-0.008503171766171214,-0.008539529984711393,-0.0030002442475815,,,0.0,1.0974549248652783
2021-11-02,-0.011582973408422736,-0.01165057859802871,0.00250871789484046,long_entry,LQ45,0.0,1.0974549248652783
2021-11-03,0.012404281764515135,0.012327979000823917,0.00112989296076606,,,0.012404281764515135,1.111068064977162
2021-11-04,0.0032164654720920893,0.0032113037124782058,-0.00140135118422422,long_close,LQ45,0.0032164654720920893,1.1146417770453052
2021-11-05,-0.00021094551677047768,-0.00021096776890538088,0.000312859483925053,long_entry,LQ45,0.0,1.1146417770453052
2021-11-08,0.002742741543980909,0.002738987091820196,-0.00169927407588366,long_close,LQ45,0.002742741543980909,1.117698951353864
2021-11-09,0.0021671181951052887,0.0021647733815172224,0.00446660718381631,long_entry,LQ45,0.0,1.117698951353864
2021-11-10,0.006056936587841122,0.006038667081803643,,,,0.006056936587841122,1.1244687830265108
2021-11-11,-0.000699127637983965,-0.0006993721416772298,0.00361076280047253,,,-0.000699127637983965,1.1236826358222467
2021-11-12,-0.006567590193078399,-0.006589251708276921,0.00134943220841148,,,-0.006567590193078399,1.116302748763088
2021-11-15,-0.009711584766948111,-0.00975904976317987,0.00130026764233186,,,-0.009711584766948111,1.1054616799928982
2021-11-16,0.006283148836189634,0.006263492150826402,0.000701450333105239,,,0.006283148836189634,1.112407460260998
2021-11-17,0.00556894625581883,0.005553497005442526,-0.00304917853753918,long_close,LQ45,0.00556894625581883,1.1186023976217634
2021-11-18,-0.00782465049467651,-0.007855423703873758,-7.44164336340704e-05,,,0.0,1.1186023976217634
2021-11-19,0.018711559043225634,0.018538651406508264,0.00275548517932692,long_entry,LQ45,0.0,1.1186023976217634
2021-11-22,0.0,0.0,-0.00201552565460606,long_close,LQ45,0.0,1.1186023976217634
2021-11-23,-0.0054480925658897394,-0.005462987546314275,0.00195099192633073,long_entry,LQ45,0.0,1.1186023976217634
2021-11-24,0.0004695501832792104,0.0004694399790881508,0.000265068804778258,,,0.0004695501832792104,1.1191276375825832
2021-11-25,0.006570426365730464,0.006548935200465592,-0.000380176487920735,long_close,LQ45,0.006570426365730464,1.1264807833191735
2021-11-26,-0.02489797224460577,-0.025213169607389403,0.000980040786098193,long_entry,LQ45,0.0,1.1264807833191735
2021-11-29,0.010158214988041703,0.010106967088084092,0.00160289656614353,,,0.010158214988041703,1.1379238172960273
2021-11-30,-0.02071171152488893,-0.020929207404697975,,,,-0.02071171152488893,1.1143554674548917
2021-12-01,0.0006122659307150613,0.0006120785724016115,0.0025266722001359,,,0.0006122659307150613,1.1150377493423203
2021-12-02,0.019258228411241474,0.01907513569051751,-0.00205932396187387,long_close,LQ45,0.019258228411241474,1.1365114010063113
2021-12-03,-0.011121757645899066,-0.011184066814855068,0.00170373180200341,long_entry,LQ45,0.0,1.1365114010063113
2021-12-06,0.0,0.0,0.00190028704839028,,,0.0,1.1365114010063113
2021-12-07,0.0119710631485348,0.011899976729721136,,,,0.0119710631485348,1.1501166507567877
2021-12-08,-0.004820143907998564,-0.004831798267186275,0.00356297661853143,,,-0.004820143907998564,1.1445729229891546
2021-12-09,0.007318164017833917,0.007291516185366287,5.71055446857453e-05,,,0.007318164017833917,1.1529490953699608
2021-12-10,-0.004094470791989102,-0.004102876088862956,0.00387142428563957,,,-0.004094470791989102,1.1482283789743182
2021-12-13,-0.005165414084366993,-0.005178800954749311,0.000919452228412631,,,-0.005165414084366993,1.1422973039334943
2021-12-14,-0.0035604648763770674,-0.0035668184169669074,0.00173021294393463,,,-0.0035604648763770674,1.1382301945044588
2021-12-15,0.004402631739164775,0.00439296850809987,0.000110328013827871,,,0.004402631739164775,1.1432414028852598
2021-12-16,-0.007813745999553978,-0.007844433272388512,0.00876667222268792,,,-0.007813745999553978,1.1343084049469405
2021-12-17,0.0024543413568536288,0.0024513343801987717,0.0015014708971003,,,0.0024543413568536288,1.1370923849766286
2021-12-20,-0.007706954834788782,-0.007736806889071559,-0.00233867115423735,long_close,LQ45,-0.007706954834788782,1.1283288653226313
2021-12-21,0.0029930582550938833,0.002988587973888137,,,,0.0,1.1283288653226313
2021-12-22,-0.00857792776457833,-0.008614929940226309,7.44819687911997e-05,long_entry,LQ45,0.0,1.1283288653226313
2021-12-23,0.005933501613388126,0.005915967716772654,2.74427086879338e-06,,,0.005933501613388126,1.1350238064654556
2021-12-24,-0.0015872125443727736,-0.0015884735006503256,,,,-0.0015872125443727736,1.133222282441672
2021-12-27,0.002717590661259317,0.002713904688225352,0.00103925351488944,,,0.002717590661259317,1.1363019167335664
2021-12-28,0.003845811838397273,0.003838435609725616,-0.00121683782709961,long_close,LQ45,0.003845811838397273,1.140671920096934
2021-12-29,-0.000917793967466829,-0.0009182153982276595,0.000301097741186642,long_entry,LQ45,0.0,1.140671920096934
2021-12-30,-0.005137678867265905,-0.00515092211852593,1.73101445851102e-05,,,-0.005137678867265905,1.1348115140785684
2022-01-03,0.012787101838171333,0.012706037174797409,-0.00212923845217175,long_close,LQ45,0.012787101838171333,1.1493224644762206
2022-01-04,0.004833987960807029,0.004822341757661473,0.00187648800253097,long_entry,LQ45,0.0,1.1493224644762206
2022-01-05,-0.009051796689080294,-0.009093013111037702,0.00151578517269727,,,-0.009051796689080294,1.1389190311975892
2022-01-06,0.0012775601220338384,0.001276744736496612,6.46933121103812e-05,,,0.0012775601220338384,1.1403740687340727
2022-01-07,0.009952137534888328,0.009902941150975396,-1.90883448314241e-05,long_close,LQ45,0.009952137534888328,1.1517232283073344
2022-01-10,-0.005979820987699447,-0.005997771714418041,0.00066896643396963,long_entry,LQ45,0.0,1.1517232283073344
2022-01-11,-0.004088188037773777,-0.004096567524231568,0.00201417072577072,,,-0.004088188037773777,1.1470147671825421
2022-01-12,0.0038391029898801055,0.0038317524409996447,-0.00327184142727376,long_close,LQ45,0.0038391029898801055,1.1514182750046693
2022-01-13,0.007055644201757083,0.007030869609748737,-0.00111000814922867,,,0.0,1.1514182750046693
2022-01-14,0.0024826531784363226,0.002479576486221797,-0.00316288235534749,,,0.0,1.1514182750046693
2022-01-17,-0.005173401136082001,-0.005186829509335539,0.00166752784118356,long_entry,LQ45,0.0,1.1514182750046693
2022-01-18,-0.003375469020805544,-0.003381178768699566,-0.000205134620445301,long_close,LQ45,-0.003375469020805544,1.1475316982874018
2022-01-19,-0.006572703715539974,-0.006594399049526943,0.000679399261041756,long_entry,LQ45,0.0,1.1475316982874018
2022-01-20,0.005039411020259621,0.00502675568768516,,,,0.005039411020259621,1.1533145821738486
2022-01-21,0.017406218799906892,0.01725646583123856,-0.0020202260676208,long_close,LQ45,0.017406218799906892,1.1733894281362898
2022-01-24,-0.010700612055880465,-0.010758275328862112,0.00101968018804612,long_entry,LQ45,0.0,1.1733894281362898
2022-01-25,-0.01068991088194704,-0.010747458465749317,0.00178296513674523,,,-0.01068991088194704,1.160845999719694
2022-01-26,0.008005576554921623,0.007973701930423006,-0.000831464098894727,long_close,LQ45,0.008005576554921623,1.1701392412389247
2022-01-27,0.00016901567514038263,0.00016900139360034113,-0.000270841037361064,,,0.0,1.1701392412389247
2022-01-28,0.0029038456878252017,0.0028996376722528515,-0.000109162660247936,,,0.0,1.1701392412389247
2022-01-31,-0.01067628419503297,-0.010733684631621566,0.00609724472362598,long_entry,LQ45,0.0,1.1701392412389247
2022-02-02,0.008790704556795648,0.008752291269256354,-0.00106861644275349,long_close,LQ45,0.008790704556795648,1.180425589598969
2022-02-03,-0.0020572135763605726,-0.002059332546825248,0.000167392104868452,long_entry,LQ45,0.0,1.180425589598969
2022-02-04,0.006057445983848053,0.0060391734108785145,-0.000880260884073291,long_close,LQ45,0.006057445983848053,1.1875759538459167
2022-02-07,0.013597153082244295,0.01350554130167286,-0.00157719538142929,,,0.0,1.1875759538459167
2022-02-08,-0.0026953645778297064,-0.0026990036134227073,0.000218330562728138,long_entry,LQ45,0.0,1.1875759538459167
2022-02-09,0.010093409464487335,0.010042811195033731,-0.00100982963332909,long_close,LQ45,0.010093409464487335,1.1995626442182628
2022-02-10,0.001975923108715527,0.0019739735403587703,-0.000198081199855948,,,0.0,1.1995626442182628
2022-02-11,-0.002013086914226858,-0.0020151158971589297,-0.000967721737810475,,,0.0,1.1995626442182628
2022-02-14,-0.009303451851930822,-0.009346999264729561,0.00123365710308993,long_entry,LQ45,0.0,1.1995626442182628
2022-02-15,0.013172102221838289,0.01308610444123584,-0.0019890748942372,long_close,LQ45,0.013172102221838289,1.2153634059894043
2022-02-16,0.0012201148673971485,0.0012193711321524762,-0.000176465871699298,,,0.0,1.2153634059894043
2022-02-17,-0.003184796182794991,-0.003189878439661515,0.000506496175922986,long_entry,LQ45,0.0,1.2153634059894043
2022-02-18,0.006739261756791848,0.006716654446494356,-0.00433043064372032,long_close,LQ45,0.006739261756791848,1.223554058111993
2022-02-21,-0.0001836734884540503,-0.00018369035849498185,-0.00105036374745273,,,0.0,1.223554058111993
2022-02-22,-0.006164688891275416,-0.006183769041716388,0.00247557497222216,long_entry,LQ45,0.0,1.223554058111993
2022-02-23,0.011645846909028812,0.011578555970001734,-0.0012287105961576,long_close,LQ45,0.011645846909028812,1.2378033813576863
2022-02-24,-0.011603110891994617,-0.011670952274491272,0.00211708402126109,long_entry,LQ45,0.0,1.2378033813576863
2022-02-25,0.012211732465612357,0.012137770785409284,-0.00410560323635557,long_close,LQ45,0.012211732465612357,1.2529191050958568
2022-03-01,0.0021410053714330246,0.0021387166855764052,-0.000278878167585176,,,0.0,1.2529191050958568
2022-03-02,-0.009608718711024422,-0.009655180312509174,0.0015193351330837,long_entry,LQ45,0.0,1.2529191050958568
2022-03-04,0.016244801550563626,0.01611426654140133,-0.00480344168379299,long_close,LQ45,0.016244801550563626,1.2732725273170489
2022-03-07,-0.005170780857660429,-0.0051841956081372905,-0.00138400793953395,,,0.0,1.2732725273170489
2022-03-08,-0.0023965731780936084,-0.0023994495561452354,0.00390627173364841,long_entry,LQ45,0.0,1.2732725273170489
2022-03-09,0.006933349897432217,0.006909424750979909,0.00106630136457192,,,0.006933349897432217,1.282100571263726
2022-03-10,0.0037850668899550577,0.003777921548994264,-0.00261715350255361,long_close,LQ45,0.0037850668899550577,1.2869534076856086
2022-03-11,0.0005616037370550497,0.000561446096694495,0.000190657640804721,long_entry,LQ45,0.0,1.2869534076856086
2022-03-14,0.006114037798239158,0.006095422905379506,-0.00140276049709271,long_close,LQ45,0.006114037798239158,1.2948218894647712
2022-03-15,-0.002510418934786318,-0.002513575320073248,0.000992382204723556,long_entry,LQ45,0.0,1.2948218894647712
2022-03-16,0.012314193526206552,0.01223899059135618,0.00136068190736152,,,0.012314193526206552,1.3107665767936088
2022-03-17,-0.007685380116536411,-0.00771506484037027,0.000521852555945591,,,-0.007685380116536411,1.3006928374068987
2022-03-18,-0.002038125885388098,-0.0020402056903671755,,,,-0.002038125885388098,1.2980418616660407
2022-03-21,-9.972170348038212e-06,-9.972220070459498e-06,0.000270832194113871,,,-9.972170348038212e-06,1.2980289173714774
2022-03-22,0.007960060329800012,0.007928546175486944,-0.0011974065679376,long_close,LQ45,0.007960060329800012,1.3083613058635795
2022-03-23,-6.919429129603749e-05,-6.919668533144783e-05,-0.000279134754583557,,,0.0,1.3083613058635795
2022-03-24,0.014342429261738676,0.014240549602250647,-0.000753694349187966,,,0.0,1.3083613058635795
2022-03-25,-0.008302516086269862,-0.008337173937846002,0.00157405597813358,long_entry,LQ45,0.0,1.3083613058635795
2022-03-28,0.00901076288398861,0.008970408196631282,0.00054477742953409,,,0.00901076288398861,1.320150639357302
2022-03-29,-0.007557115995450725,-0.007585815679187623,0.00367725451102451,,,-0.007557115995450725,1.3101741078442104
2022-03-30,0.005043719361664367,0.005031042417263288,-0.000553367747084569,long_close,LQ45,0.005043719361664367,1.3167822583590956
2022-03-31,-0.001200894831122623,-0.0012016164831302975,0.000691103237623903,long_entry,LQ45,0.0,1.3167822583590956
2022-04-01,0.004428224459788854,0.0044184487226699405,0.000115269300262526,,,0.004428224459788854,1.3226132657637772
2022-04-04,0.005819818937910393,0.005802949212528219,-0.000644995529511564,long_close,LQ45,0.005819818937910393,1.3303106354954009
2022-04-05,0.005176560799165397,0.005163208467924933,-0.000391699923470011,,,0.0,1.3303106354954009
2022-04-06,-0.008403504523187832,-0.008439013037903457,0.00234570723371311,long_entry,LQ45,0.0,1.3303106354954009
2022-04-07,0.0017861664942278033,0.0017845731958372522,0.000863966589281869,,,0.0017861664942278033,1.3326867917794376
2022-04-08,0.011492679755509272,0.01142714058070094,-0.00146888052633286,long_close,LQ45,0.011492679755509272,1.3480029342917557
2022-04-11,-0.013939115466742757,-0.014037177266363192,0.00345165516981661,long_entry,LQ45,0.0,1.3480029342917557
2022-04-12,0.007364399925045451,0.007337415135451172,-0.000118787994306486,long_close,LQ45,0.007364399925045451,1.357930167000015
2022-04-13,0.007619255051434015,0.0075903751305539885,-0.000949645106765689,,,0.0,1.357930167000015
2022-04-14,-0.008691032356724082,-0.00872901963771282,0.00248936699297391,long_entry,LQ45,0.0,1.357930167000015
2022-04-18,0.005117389258091132,0.005104339921770607,0.00017866840259545,,,0.005117389258091132,1.3648792242498589
2022-04-19,-0.0036792185773625308,-0.0036860035494085813,0.00188197308821657,,,-0.0036792185773625308,1.3598575352521427
2022-04-20,0.01594773977369557,0.01582191060273584,-0.00265513304929565,long_close,LQ45,0.01594773977369557,1.3815441893536429
2022-04-21,0.00953793015481108,0.009492731274222302,-0.00115603864322314,,,0.0,1.3815441893536429
2022-04-22,-0.006458401326772889,-0.006479347033178592,0.00237369229387535,long_entry,LQ45,0.0,1.3815441893536429
2022-04-25,0.00661392268726102,0.006592146664490518,-0.000520343489735976,long_close,LQ45,0.00661392268726102,1.3906816158110626
2022-04-26,0.01058420832262863,0.01052858771225006,-0.001310316220607,,,0.0,1.3906816158110626
2022-04-27,-0.0007999045337498956,-0.0008002246280894446,0.0019193949981128,long_entry,LQ45,0.0,1.3906816158110626
2022-04-28,0.01041651515592279,0.010362637086757897,-0.00118910670569027,long_close,LQ45,0.01041651515592279,1.4051676719392219
2022-05-09,-0.054807261060710766,-0.05636641573519128,0.00915663217981547,long_entry,LQ45,0.0,1.4051676719392219
2022-05-10,-0.004746755995717611,-0.004758057620177683,0.00137587241446135,,,-0.004746755995717611,1.3984976838674559
2022-05-11,0.004269914446893619,0.004260824229316075,-0.00260854679382115,long_close,LQ45,0.004269914446893619,1.4044691493317487
2022-05-12,-0.03129385205759139,-0.031793965979239905,0.0108210700052416,long_entry,LQ45,0.0,1.4044691493317487
2022-05-13,0.002647611564354335,0.002644112815048614,0.000690123088479502,,,0.002647611564354335,1.4081876380932983
2022-05-17,0.00817286974443654,0.008139652707454585,-0.00766508448045408,long_close,LQ45,0.00817286974443654,1.4196965722351604
2022-05-18,0.01183126014876934,0.011761817979354586,0.00438964967625301,long_entry,LQ45,0.0,1.4196965722351604
2022-05-19,-0.007677153339536225,-0.007706774382149142,0.00109318391635559,,,-0.007677153339536225,1.4087973439544972
2022-05-20,0.006923210061732021,0.0068993546835263595,-0.000365561486239874,long_close,LQ45,0.006923210061732021,1.4185507439011042
2022-05-23,-0.01242142816302505,-0.01249921895490977,0.00296900790120556,long_entry,LQ45,0.0,1.4185507439011042
2022-05-24,0.013325738107026863,0.013237731432812592,-0.00178313317453213,long_close,LQ45,0.013325738107026863,1.4374539796058585
2022-05-25,-0.00631931624860016,-0.006339367646242435,0.00427822381769848,long_entry,LQ45,0.0,1.4374539796058585
2022-05-27,0.022208837682072824,0.0219658130611684,-0.00507817616538061,long_close,LQ45,0.022208837682072824,1.4693781617143746
2022-05-30,-0.0020351162839941095,-0.0020371899470467527,0.00591834111355822,long_entry,LQ45,0.0,1.4693781617143746
2022-05-31,0.0261694399970982,0.02583287930944808,-0.00429557078272492,long_close,LQ45,0.0261694399970982,1.5078309653504054
2022-06-02,-0.0159730543867711,-0.016101998551530355,0.00211335610372752,long_entry,LQ45,0.0,1.5078309653504054
2022-06-03,0.0035003505750357267,0.0034942386064974237,0.00240441292073452,,,0.0035003505750357267,1.5131089023370263
2022-06-06,-0.006861293205500774,-0.0068849401053424596,0.00161265273718713,,,-0.006861293205500774,1.5027270185062385
2022-06-07,-0.0053455672980939895,-0.005359905964662445,0.000448763727918672,,,-0.0053455672980939895,1.4946940900981491
2022-06-08,0.010447809445067069,0.010393608279396432,-0.00160490638165298,long_close,LQ45,0.010447809445067069,1.5103103691301625
2022-06-09,-0.004252965796146646,-0.004262035379397655,0.00410159998190124,long_entry,LQ45,0.0,1.5103103691301625
2022-06-10,-0.017296961518276976,-0.01744830164568263,0.00892715641990049,,,-0.017296961518276976,1.4841865887946633
2022-06-13,-0.008928197159772777,-0.008968292342242083,-0.0013762110552401,long_close,LQ45,-0.008928197159772777,1.470935478308014
2022-06-14,0.009295755550982054,0.009252815914472419,-0.0033021662522971,,,0.0,1.470935478308014
2022-06-15,-0.005306400031609093,-0.005320528976979317,0.0044385065438515,long_entry,LQ45,0.0,1.470935478308014
2022-06-16,0.0037175280532895094,0.003710635123700314,-0.00227652751285078,long_close,LQ45,0.0037175280532895094,1.476403722213203
2022-06-17,-0.019638654419141144,-0.01983405529755814,0.00347385650921574,long_entry,LQ45,0.0,1.476403722213203
2022-06-20,0.008908661585113498,0.008869213572381997,-0.00261858770563905,long_close,LQ45,0.008908661585113498,1.4895565033374023
2022-06-21,0.011174127916969034,0.011112158557991499,-0.00170631938431715,,,0.0,1.4895565033374023
2022-06-22,-0.009115524401802522,-0.009157325011252479,0.00272513548030907,long_entry,LQ45,0.0,1.4895565033374023
2022-06-23,0.00062749871063561,0.0006273019156411187,-0.000666752410612889,long_close,LQ45,0.00062749871063561,1.4904911981226654
